date,state,positive,positive_plus,positive_per,hospitalization,hospitalization_per,discharge,discharge_per,death,death_per
2020/03/18,北海道,153,2,,77,50,69,45,7,5
2020/03/18,愛知県,123,2,,106,86,3,2,14,11
2020/03/18,東京都,105,9,,80,76,23,22,2,2
2020/03/18,大阪府,100,5,,78,78,22,22,0,0
2020/03/18,兵庫県,69,5,,66,96,0,0,3,4
2020/03/18,神奈川県,52,3,,42,81,6,12,4,8
2020/03/18,埼玉県,32,1,,28,88,4,13,0,0
2020/03/18,千葉県,31,2,,22,71,9,29,0,0
2020/03/18,京都府,17,1,,11,65,6,35,0,0
2020/03/18,新潟県,17,1,,16,94,1,6,0,0
2020/03/18,和歌山県,13,0,,4,31,8,62,1,8
2020/03/18,高知県,11,0,,5,45,6,55,0,0
2020/03/18,群馬県,10,0,,10,100,0,0,0,0
2020/03/18,熊本県,5,0,,5,100,0,0,0,0
2020/03/18,石川県,5,0,,4,80,1,20,0,0
2020/03/18,三重県,5,0,,4,80,1,20,0,0
2020/03/18,福岡県,4,0,,3,75,1,25,0,0
2020/03/18,奈良県,4,0,,2,50,2,50,0,0
2020/03/18,滋賀県,4,0,,4,100,0,0,0,0
2020/03/18,岐阜県,3,1,,2,67,1,33,0,0
2020/03/18,栃木県,3,1,,1,33,2,67,0,0
2020/03/18,沖縄県,3,0,,1,33,2,67,0,0
2020/03/18,長野県,3,0,,3,100,0,0,0,0
2020/03/18,静岡県,3,0,,2,67,1,33,0,0
2020/03/18,宮崎県,3,0,,3,100,0,0,0,0
2020/03/18,愛媛県,2,1,,1,50,1,50,0,0
2020/03/18,茨城県,2,1,,2,100,0,0,0,0
2020/03/18,山梨県,2,0,,2,100,0,0,0,0
2020/03/18,福島県,2,0,,2,100,0,0,0,0
2020/03/18,福井県,1,1,,1,100,0,0,0,0
2020/03/18,秋田県,1,0,,0,0,1,100,0,0
2020/03/18,宮城県,1,0,,0,0,1,100,0,0
2020/03/18,大分県,1,0,,0,0,1,100,0,0
2020/03/18,山口県,1,0,,1,100,0,0,0,0
2020/03/18,広島県,1,0,,0,0,1,100,0,0
2020/03/18,香川県,1,0,,1,100,0,0,0,0
2020/03/18,佐賀県,1,0,,1,100,0,0,0,0
2020/03/19,北海道,156,3,,80,51,69,44,7,4
2020/03/19,愛知県,127,4,,110,87,3,2,14,11
2020/03/19,東京都,112,7,,86,77,24,21,2,2
2020/03/19,大阪府,102,2,,79,77,22,22,1,1
2020/03/19,兵庫県,69,0,,64,93,1,1,4,6
2020/03/19,神奈川県,57,5,,47,82,6,11,4,7
2020/03/19,埼玉県,36,4,,32,89,4,11,0,0
2020/03/19,千葉県,34,3,,25,74,9,26,0,0
2020/03/19,京都府,17,0,,11,65,6,35,0,0
2020/03/19,新潟県,17,0,,16,94,1,6,0,0
2020/03/19,和歌山県,14,1,,5,36,8,57,1,7
2020/03/19,高知県,11,0,,0,0,11,100,0,0
2020/03/19,群馬県,10,0,,10,100,0,0,0,0
2020/03/19,熊本県,6,1,,6,100,0,0,0,0
2020/03/19,三重県,6,1,,5,83,1,17,0,0
2020/03/19,石川県,5,0,,3,60,2,40,0,0
2020/03/19,福岡県,5,1,,3,60,2,40,0,0
2020/03/19,奈良県,4,0,,2,50,2,50,0,0
2020/03/19,滋賀県,4,0,,4,100,0,0,0,0
2020/03/19,沖縄県,3,0,,1,33,2,67,0,0
2020/03/19,長野県,3,0,,3,100,0,0,0,0
2020/03/19,岐阜県,3,0,,2,67,1,33,0,0
2020/03/19,栃木県,3,0,,1,33,2,67,0,0
2020/03/19,静岡県,3,0,,2,67,1,33,0,0
2020/03/19,大分県,3,2,,2,67,1,33,0,0
2020/03/19,宮崎県,3,0,,3,100,0,0,0,0
2020/03/19,茨城県,3,1,,3,100,0,0,0,0
2020/03/19,山梨県,2,0,,2,100,0,0,0,0
2020/03/19,愛媛県,2,0,,1,50,1,50,0,0
2020/03/19,福島県,2,0,,2,100,0,0,0,0
2020/03/19,秋田県,1,0,,0,0,1,100,0,0
2020/03/19,宮城県,1,0,,0,0,1,100,0,0
2020/03/19,山口県,1,0,,1,100,0,0,0,0
2020/03/19,広島県,1,0,,0,0,1,100,0,0
2020/03/19,福井県,1,0,,1,100,0,0,0,0
2020/03/19,香川県,1,0,,1,100,0,0,0,0
2020/03/19,佐賀県,1,0,,1,100,0,0,0,0
2020/03/20,北海道,157,1,,82,52,69,44,6,4
2020/03/20,愛知県,130,3,,111,85,3,2,16,12
2020/03/20,東京都,123,11,,96,78,24,20,3,2
2020/03/20,大阪府,106,4,,83,78,22,21,1,1
2020/03/20,兵庫県,76,7,,71,93,1,1,4,5
2020/03/20,神奈川県,58,1,,48,83,6,10,4,7
2020/03/20,千葉県,39,5,,27,69,12,31,0,0
2020/03/20,埼玉県,38,2,,32,84,6,16,0,0
2020/03/20,京都府,18,1,,12,67,6,33,0,0
2020/03/20,新潟県,17,0,,16,94,1,6,0,0
2020/03/20,和歌山県,15,1,,6,40,8,53,1,7
2020/03/20,群馬県,11,1,,11,100,0,0,0,0
2020/03/20,高知県,11,0,,0,0,11,100,0,0
2020/03/20,大分県,6,3,,5,83,1,17,0,0
2020/03/20,石川県,6,1,,4,67,2,33,0,0
2020/03/20,熊本県,6,0,,6,100,0,0,0,0
2020/03/20,三重県,6,0,,5,83,1,17,0,0
2020/03/20,福岡県,5,0,,3,60,2,40,0,0
2020/03/20,奈良県,4,0,,2,50,2,50,0,0
2020/03/20,滋賀県,4,0,,4,100,0,0,0,0
2020/03/20,沖縄県,3,0,,1,33,2,67,0,0
2020/03/20,長野県,3,0,,2,67,1,33,0,0
2020/03/20,岐阜県,3,0,,2,67,1,33,0,0
2020/03/20,栃木県,3,0,,2,67,1,33,0,0
2020/03/20,静岡県,3,0,,2,67,1,33,0,0
2020/03/20,宮崎県,3,0,,3,100,0,0,0,0
2020/03/20,茨城県,3,0,,3,100,0,0,0,0
2020/03/20,広島県,2,1,,1,50,1,50,0,0
2020/03/20,山梨県,2,0,,2,100,0,0,0,0
2020/03/20,愛媛県,2,0,,1,50,1,50,0,0
2020/03/20,福島県,2,0,,2,100,0,0,0,0
2020/03/20,秋田県,1,0,,0,0,1,100,0,0
2020/03/20,宮城県,1,0,,0,0,1,100,0,0
2020/03/20,山口県,1,0,,1,100,0,0,0,0
2020/03/20,福井県,1,0,,1,100,0,0,0,0
2020/03/20,香川県,1,0,,1,100,0,0,0,0
2020/03/20,佐賀県,1,0,,1,100,0,0,0,0
2020/03/21,北海道,158,1,,71,45,81,51,6,4
2020/03/21,愛知県,132,2,,108,82,8,6,16,12
2020/03/21,東京都,130,7,,101,78,25,19,4,3
2020/03/21,大阪府,108,2,,81,75,26,24,1,1
2020/03/21,兵庫県,81,5,,75,93,2,2,4,5
2020/03/21,神奈川県,61,3,,45,74,12,20,4,7
2020/03/21,埼玉県,41,3,,34,83,7,17,0,0
2020/03/21,千葉県,40,1,,26,65,14,35,0,0
2020/03/21,新潟県,22,5,,20,91,2,9,0,0
2020/03/21,京都府,19,1,,12,63,7,37,0,0
2020/03/21,和歌山県,15,0,,5,33,9,60,1,7
2020/03/21,大分県,11,5,,10,91,1,9,0,0
2020/03/21,高知県,11,0,,0,0,11,100,0,0
2020/03/21,群馬県,11,0,,11,100,0,0,0,0
2020/03/21,熊本県,6,0,,5,83,1,17,0,0
2020/03/21,石川県,6,0,,3,50,3,50,0,0
2020/03/21,三重県,6,0,,5,83,1,17,0,0
2020/03/21,福岡県,5,0,,3,60,2,40,0,0
2020/03/21,栃木県,4,1,,3,75,1,25,0,0
2020/03/21,奈良県,4,0,,2,50,2,50,0,0
2020/03/21,滋賀県,4,0,,4,100,0,0,0,0
2020/03/21,沖縄県,3,0,,1,33,2,67,0,0
2020/03/21,長野県,3,0,,2,67,1,33,0,0
2020/03/21,岐阜県,3,0,,2,67,1,33,0,0
2020/03/21,静岡県,3,0,,2,67,1,33,0,0
2020/03/21,宮崎県,3,0,,3,100,0,0,0,0
2020/03/21,茨城県,3,0,,3,100,0,0,0,0
2020/03/21,山梨県,2,0,,2,100,0,0,0,0
2020/03/21,愛媛県,2,0,,1,50,1,50,0,0
2020/03/21,広島県,2,0,,1,50,1,50,0,0
2020/03/21,福島県,2,0,,2,100,0,0,0,0
2020/03/21,秋田県,1,0,,0,0,1,100,0,0
2020/03/21,宮城県,1,0,,0,0,1,100,0,0
2020/03/21,山口県,1,0,,1,100,0,0,0,0
2020/03/21,福井県,1,0,,1,100,0,0,0,0
2020/03/21,香川県,1,0,,1,100,0,0,0,0
2020/03/21,佐賀県,1,0,,1,100,0,0,0,0
2020/03/22,北海道,161,3,,72,45,83,52,6,4
2020/03/22,愛知県,134,2,,111,83,8,6,16,12
2020/03/22,東京都,132,2,,103,78,25,19,4,3
2020/03/22,大阪府,113,5,,85,75,26,23,2,2
2020/03/22,兵庫県,83,2,,76,92,2,2,6,7
2020/03/22,神奈川県,67,6,,49,73,14,21,4,6
2020/03/22,埼玉県,45,4,,34,76,10,22,1,2
2020/03/22,千葉県,42,2,,27,64,15,36,0,0
2020/03/22,新潟県,22,0,,19,86,3,14,0,0
2020/03/22,京都府,20,1,,13,65,7,35,0,0
2020/03/22,大分県,15,4,,14,93,1,7,0,0
2020/03/22,和歌山県,15,0,,5,33,9,60,1,7
2020/03/22,高知県,11,0,,0,0,11,100,0,0
2020/03/22,群馬県,11,0,,10,91,0,0,1,9
2020/03/22,熊本県,6,0,,5,83,1,17,0,0
2020/03/22,石川県,6,0,,3,50,3,50,0,0
2020/03/22,三重県,6,0,,4,67,2,33,0,0
2020/03/22,岐阜県,5,2,,4,80,1,20,0,0
2020/03/22,奈良県,5,1,,3,60,2,40,0,0
2020/03/22,福岡県,5,0,,3,60,2,40,0,0
2020/03/22,栃木県,4,0,,2,50,2,50,0,0
2020/03/22,滋賀県,4,0,,4,100,0,0,0,0
2020/03/22,広島県,3,1,,2,67,1,33,0,0
2020/03/22,沖縄県,3,0,,1,33,2,67,0,0
2020/03/22,長野県,3,0,,2,67,1,33,0,0
2020/03/22,静岡県,3,0,,2,67,1,33,0,0
2020/03/22,宮崎県,3,0,,3,100,0,0,0,0
2020/03/22,茨城県,3,0,,3,100,0,0,0,0
2020/03/22,山口県,2,1,,2,100,0,0,0,0
2020/03/22,山梨県,2,0,,1,50,1,50,0,0
2020/03/22,愛媛県,2,0,,1,50,1,50,0,0
2020/03/22,福島県,2,0,,2,100,0,0,0,0
2020/03/22,岡山県,1,1,,1,100,0,0,0,0
2020/03/22,秋田県,1,0,,0,0,1,100,0,0
2020/03/22,宮城県,1,0,,0,0,1,100,0,0
2020/03/22,福井県,1,0,,1,100,0,0,0,0
2020/03/22,香川県,1,0,,1,100,0,0,0,0
2020/03/22,佐賀県,1,0,,1,100,0,0,0,0
2020/03/23,北海道,161,0,,65,40,90,56,6,4
2020/03/23,東京都,146,14,,116,79,26,18,4,3
2020/03/23,愛知県,136,2,,112,82,8,6,17,13
2020/03/23,大阪府,116,3,,87,75,27,23,2,2
2020/03/23,兵庫県,85,2,,78,92,2,2,6,7
2020/03/23,神奈川県,68,1,,47,69,17,25,4,6
2020/03/23,埼玉県,46,1,,34,74,11,24,1,2
2020/03/23,千葉県,45,3,,30,67,15,33,0,0
2020/03/23,新潟県,22,0,,19,86,3,14,0,0
2020/03/23,京都府,21,1,,14,67,7,33,0,0
2020/03/23,和歌山県,15,0,,5,33,9,60,1,7
2020/03/23,大分県,15,0,,14,93,1,7,0,0
2020/03/23,高知県,11,0,,0,0,11,100,0,0
2020/03/23,群馬県,11,0,,10,91,0,0,1,9
2020/03/23,岐阜県,8,3,,7,88,1,13,0,0
2020/03/23,福岡県,6,1,,4,67,2,33,0,0
2020/03/23,熊本県,6,0,,5,83,1,17,0,0
2020/03/23,石川県,6,0,,3,50,3,50,0,0
2020/03/23,三重県,6,0,,4,67,2,33,0,0
2020/03/23,茨城県,5,2,,5,100,0,0,0,0
2020/03/23,滋賀県,5,1,,4,80,1,20,0,0
2020/03/23,奈良県,5,0,,2,40,3,60,0,0
2020/03/23,栃木県,4,0,,2,50,2,50,0,0
2020/03/23,沖縄県,3,0,,1,33,2,67,0,0
2020/03/23,長野県,3,0,,2,67,1,33,0,0
2020/03/23,静岡県,3,0,,2,67,1,33,0,0
2020/03/23,宮崎県,3,0,,3,100,0,0,0,0
2020/03/23,広島県,3,0,,2,67,1,33,0,0
2020/03/23,青森県,2,2,,2,100,0,0,0,0
2020/03/23,山梨県,2,0,,1,50,1,50,0,0
2020/03/23,山口県,2,0,,2,100,0,0,0,0
2020/03/23,愛媛県,2,0,,1,50,1,50,0,0
2020/03/23,福島県,2,0,,2,100,0,0,0,0
2020/03/23,秋田県,1,0,,0,0,1,100,0,0
2020/03/23,宮城県,1,0,,0,0,1,100,0,0
2020/03/23,福井県,1,0,,1,100,0,0,0,0
2020/03/23,岡山県,1,0,,1,100,0,0,0,0
2020/03/23,香川県,1,0,,1,100,0,0,0,0
2020/03/23,佐賀県,1,0,,1,100,0,0,0,0
2020/03/24,北海道,162,1,,63,,93,,6,
2020/03/24,東京都,160,14,,130,,26,,5,
2020/03/24,愛知県,139,3,,114,,9,,17,
2020/03/24,大阪府,123,7,,94,,27,,2,
2020/03/24,兵庫県,87,2,,77,,5,,6,
2020/03/24,神奈川県,73,5,,52,,17,,4,
2020/03/24,埼玉県,53,7,,41,,11,,1,
2020/03/24,千葉県,46,1,,31,,15,,0,
2020/03/24,新潟県,24,2,,21,,3,,0,
2020/03/24,京都府,23,2,,16,,7,,0,
2020/03/24,大分県,16,1,,15,,1,,0,
2020/03/24,和歌山県,15,0,,5,,9,,1,
2020/03/24,群馬県,13,2,,12,,0,,1,
2020/03/24,岐阜県,11,0,,10,,1,,0,
2020/03/24,高知県,11,3,,0,,11,,0,
2020/03/24,福岡県,9,3,,7,,2,,0,
2020/03/24,栃木県,6,0,,4,,2,,0,
2020/03/24,熊本県,6,0,,5,,1,,0,
2020/03/24,石川県,6,0,,3,,3,,0,
2020/03/24,三重県,6,1,,4,,2,,0,
2020/03/24,奈良県,5,0,,2,,3,,0,
2020/03/24,滋賀県,5,0,,4,,1,,0,
2020/03/24,茨城県,5,1,,5,,0,,0,
2020/03/24,山梨県,4,1,,3,,1,,0,
2020/03/24,沖縄県,4,1,,2,,2,,0,
2020/03/24,長野県,4,1,,2,,2,,0,
2020/03/24,静岡県,3,0,,2,,1,,0,
2020/03/24,宮崎県,3,0,,2,,1,,0,
2020/03/24,広島県,3,1,,2,,1,,0,
2020/03/24,山口県,2,0,,2,,0,,0,
2020/03/24,愛媛県,2,0,,1,,1,,0,
2020/03/24,福島県,2,0,,2,,0,,0,
2020/03/24,青森県,2,0,,2,,0,,0,
2020/03/24,秋田県,1,0,,0,,1,,0,
2020/03/24,宮城県,1,0,,0,,1,,0,
2020/03/24,福井県,1,0,,1,,0,,0,
2020/03/24,岡山県,1,0,,1,,0,,0,
2020/03/24,香川県,1,0,,1,,0,,0,
2020/03/24,佐賀県,1,0,,1,,0,,0,
2020/03/25,東京都,201,41,,170,85,27,13,5,2
2020/03/25,北海道,166,4,,61,37,98,59,7,4
2020/03/25,愛知県,144,5,,91,63,36,25,18,13
2020/03/25,大阪府,129,6,,90,70,37,29,2,2
2020/03/25,兵庫県,87,0,,77,89,5,6,6,7
2020/03/25,神奈川県,77,4,,56,73,17,22,4,5
2020/03/25,埼玉県,53,0,,40,75,12,23,1,2
2020/03/25,千葉県,51,5,,34,67,17,33,0,0
2020/03/25,京都府,27,4,,20,74,7,26,0,0
2020/03/25,新潟県,24,0,,21,88,3,13,0,0
2020/03/25,大分県,16,0,,15,94,1,6,0,0
2020/03/25,和歌山県,15,0,,5,33,9,60,1,7
2020/03/25,群馬県,13,0,,12,92,0,0,1,8
2020/03/25,岐阜県,12,1,,11,92,1,8,0,0
2020/03/25,高知県,11,0,,0,0,11,100,0,0
2020/03/25,茨城県,9,4,,9,100,0,0,0,0
2020/03/25,福岡県,9,0,,7,78,2,22,0,0
2020/03/25,熊本県,6,0,,4,67,2,33,0,0
2020/03/25,石川県,6,0,,3,50,3,50,0,0
2020/03/25,栃木県,6,0,,4,67,2,33,0,0
2020/03/25,三重県,6,0,,4,67,2,33,0,0
2020/03/25,奈良県,5,0,,2,40,3,60,0,0
2020/03/25,滋賀県,5,0,,4,80,1,20,0,0
2020/03/25,青森県,4,2,,4,100,0,0,0,0
2020/03/25,沖縄県,4,0,,2,50,2,50,0,0
2020/03/25,長野県,4,0,,2,50,2,50,0,0
2020/03/25,山梨県,4,0,,3,75,1,25,0,0
2020/03/25,福井県,3,2,,3,100,0,0,0,0
2020/03/25,山口県,3,1,,3,100,0,0,0,0
2020/03/25,静岡県,3,0,,1,33,2,67,0,0
2020/03/25,宮崎県,3,0,,2,67,1,33,0,0
2020/03/25,広島県,3,0,,2,67,1,33,0,0
2020/03/25,愛媛県,2,0,,1,50,1,50,0,0
2020/03/25,福島県,2,0,,2,100,0,0,0,0
2020/03/25,長崎県,1,1,,1,100,0,0,0,0
2020/03/25,秋田県,1,0,,0,0,1,100,0,0
2020/03/25,宮城県,1,0,,0,0,1,100,0,0
2020/03/25,岡山県,1,0,,1,100,0,0,0,0
2020/03/25,香川県,1,0,,1,100,0,0,0,0
2020/03/25,佐賀県,1,0,,1,100,0,0,0,0
2020/03/26,東京都,227,26,,194,85,28,12,5,2
2020/03/26,北海道,167,1,,62,37,98,59,7,4
2020/03/26,愛知県,147,3,,93,63,36,24,19,13
2020/03/26,大阪府,136,7,,93,68,41,30,2,1
2020/03/26,兵庫県,87,0,,77,89,5,6,6,7
2020/03/26,神奈川県,82,5,,60,73,18,22,4,5
2020/03/26,埼玉県,60,7,,46,77,13,22,1,2
2020/03/26,千葉県,54,3,,36,67,18,33,0,0
2020/03/26,京都府,29,2,,21,72,8,28,0,0
2020/03/26,新潟県,24,0,,21,88,3,13,0,0
2020/03/26,大分県,17,1,,16,94,1,6,0,0
2020/03/26,和歌山県,15,0,,4,27,10,67,1,7
2020/03/26,岐阜県,14,2,,13,93,1,7,0,0
2020/03/26,群馬県,14,1,,13,93,0,0,1,7
2020/03/26,福岡県,11,2,,9,82,2,18,0,0
2020/03/26,高知県,11,0,,0,0,11,100,0,0
2020/03/26,栃木県,10,4,,8,80,2,20,0,0
2020/03/26,茨城県,9,0,,9,100,0,0,0,0
2020/03/26,熊本県,7,1,,5,71,2,29,0,0
2020/03/26,滋賀県,6,1,,5,83,1,17,0,0
2020/03/26,石川県,6,0,,3,50,3,50,0,0
2020/03/26,三重県,6,0,,4,67,2,33,0,0
2020/03/26,福井県,5,2,,5,100,0,0,0,0
2020/03/26,奈良県,5,0,,2,40,3,60,0,0
2020/03/26,山口県,4,1,,4,100,0,0,0,0
2020/03/26,広島県,4,1,,3,75,1,25,0,0
2020/03/26,沖縄県,4,0,,2,50,2,50,0,0
2020/03/26,長野県,4,0,,2,50,2,50,0,0
2020/03/26,山梨県,4,0,,2,50,2,50,0,0
2020/03/26,青森県,4,0,,4,100,0,0,0,0
2020/03/26,静岡県,3,0,,1,33,2,67,0,0
2020/03/26,宮崎県,3,0,,2,67,1,33,0,0
2020/03/26,宮城県,2,1,,1,50,1,50,0,0
2020/03/26,愛媛県,2,0,,1,50,1,50,0,0
2020/03/26,福島県,2,0,,2,100,0,0,0,0
2020/03/26,鹿児島県,1,1,,1,100,0,0,0,0
2020/03/26,秋田県,1,0,,0,0,1,100,0,0
2020/03/26,岡山県,1,0,,1,100,0,0,0,0
2020/03/26,香川県,1,0,,1,100,0,0,0,0
2020/03/26,佐賀県,1,0,,1,100,0,0,0,0
2020/03/26,長崎県,1,0,,1,100,0,0,0,0
2020/03/27,東京都,227,0,,193,85,29,13,5,2
2020/03/27,北海道,168,1,,47,28,114,68,7,4
2020/03/27,大阪府,154,18,,111,72,41,27,2,1
2020/03/27,愛知県,150,3,,90,60,42,28,18,12
2020/03/27,兵庫県,90,3,,80,89,5,6,5,6
2020/03/27,神奈川県,88,6,,66,75,18,20,4,5
2020/03/27,埼玉県,66,6,,51,77,13,20,2,3
2020/03/27,千葉県,60,6,,42,70,18,30,0,0
2020/03/27,京都府,31,2,,20,65,11,35,0,0
2020/03/27,新潟県,24,0,,17,71,7,29,0,0
2020/03/27,大分県,17,0,,16,94,1,6,0,0
2020/03/27,和歌山県,15,0,,4,27,10,67,1,7
2020/03/27,岐阜県,14,0,,13,93,1,7,0,0
2020/03/27,群馬県,14,0,,13,93,0,0,1,7
2020/03/27,高知県,12,1,,1,8,11,92,0,0
2020/03/27,福岡県,12,1,,10,83,2,17,0,0
2020/03/27,栃木県,11,1,,9,82,2,18,0,0
2020/03/27,熊本県,9,2,,7,78,2,22,0,0
2020/03/27,茨城県,9,0,,9,100,0,0,0,0
2020/03/27,福井県,8,3,,8,100,0,0,0,0
2020/03/27,沖縄県,6,2,,4,67,2,33,0,0
2020/03/27,石川県,6,0,,3,50,3,50,0,0
2020/03/27,三重県,6,0,,4,67,2,33,0,0
2020/03/27,滋賀県,6,0,,5,83,1,17,0,0
2020/03/27,長野県,5,1,,3,60,2,40,0,0
2020/03/27,奈良県,5,0,,2,40,3,60,0,0
2020/03/27,山梨県,4,0,,2,50,2,50,0,0
2020/03/27,山口県,4,0,,4,100,0,0,0,0
2020/03/27,広島県,4,0,,3,75,1,25,0,0
2020/03/27,青森県,4,0,,4,100,0,0,0,0
2020/03/27,秋田県,3,2,,2,67,1,33,0,0
2020/03/27,愛媛県,3,1,,2,67,1,33,0,0
2020/03/27,静岡県,3,0,,1,33,2,67,0,0
2020/03/27,宮崎県,3,0,,2,67,1,33,0,0
2020/03/27,岡山県,2,1,,2,100,0,0,0,0
2020/03/27,宮城県,2,0,,1,50,1,50,0,0
2020/03/27,福島県,2,0,,2,100,0,0,0,0
2020/03/27,香川県,1,0,,1,100,0,0,0,0
2020/03/27,佐賀県,1,0,,1,100,0,0,0,0
2020/03/27,長崎県,1,0,,1,100,0,0,0,0
2020/03/27,鹿児島県,1,0,,1,100,0,0,0,0
2020/03/28,東京都,368,141,,327,89,36,10,5,1
2020/03/28,大阪府,192,38,,142,74,48,25,2,1
2020/03/28,北海道,172,4,,44,26,121,70,7,4
2020/03/28,愛知県,164,14,,103,63,42,26,19,12
2020/03/28,千葉県,126,66,,106,84,19,15,1,1
2020/03/28,兵庫県,125,35,,99,79,18,14,8,6
2020/03/28,神奈川県,104,16,,79,76,20,19,5,5
2020/03/28,埼玉県,78,12,,60,77,15,19,3,4
2020/03/28,京都府,37,6,,24,65,13,35,0,0
2020/03/28,新潟県,31,7,,24,77,7,23,0,0
2020/03/28,大分県,27,10,,26,96,1,4,0,0
2020/03/28,福岡県,21,9,,19,90,2,10,0,0
2020/03/28,和歌山県,17,2,,3,18,13,76,1,6
2020/03/28,岐阜県,16,2,,15,94,1,6,0,0
2020/03/28,群馬県,15,1,,14,93,0,0,1,7
2020/03/28,茨城県,13,4,,13,100,0,0,0,0
2020/03/28,高知県,13,1,,1,8,12,92,0,0
2020/03/28,福井県,12,4,,12,100,0,0,0,0
2020/03/28,奈良県,11,6,,3,27,8,73,0,0
2020/03/28,栃木県,11,0,,9,82,2,18,0,0
2020/03/28,熊本県,10,1,,7,70,3,30,0,0
2020/03/28,石川県,9,3,,4,44,5,56,0,0
2020/03/28,三重県,9,3,,7,78,2,22,0,0
2020/03/28,山口県,6,2,,4,67,2,33,0,0
2020/03/28,青森県,6,2,,6,100,0,0,0,0
2020/03/28,長野県,6,1,,3,50,3,50,0,0
2020/03/28,沖縄県,6,0,,4,67,2,33,0,0
2020/03/28,滋賀県,6,0,,5,83,1,17,0,0
2020/03/28,秋田県,4,1,,2,50,2,50,0,0
2020/03/28,静岡県,4,1,,2,50,2,50,0,0
2020/03/28,愛媛県,4,1,,2,50,2,50,0,0
2020/03/28,山梨県,4,0,,2,50,2,50,0,0
2020/03/28,広島県,4,0,,3,75,1,25,0,0
2020/03/28,岡山県,3,1,,3,100,0,0,0,0
2020/03/28,宮崎県,3,0,,2,67,1,33,0,0
2020/03/28,長崎県,2,1,,2,100,0,0,0,0
2020/03/28,宮城県,2,0,,1,50,1,50,0,0
2020/03/28,福島県,2,0,,2,100,0,0,0,0
2020/03/28,徳島県,1,1,,0,0,1,100,0,0
2020/03/28,香川県,1,0,,1,100,0,0,0,0
2020/03/28,佐賀県,1,0,,1,100,0,0,0,0
2020/03/28,鹿児島県,1,0,,1,100,0,0,0,0
2020/03/29,東京都,436,68,,395,91,36,8,5,1
2020/03/29,大阪府,209,17,,159,76,48,23,2,1
2020/03/29,北海道,176,4,,48,27,121,69,7,4
2020/03/29,愛知県,167,3,,106,63,42,25,19,11
2020/03/29,千葉県,160,34,,140,88,19,12,1,1
2020/03/29,兵庫県,132,7,,104,79,18,14,10,8
2020/03/29,神奈川県,107,3,,82,77,20,19,5,5
2020/03/29,埼玉県,83,5,,65,78,15,18,3,4
2020/03/29,京都府,46,9,,33,72,13,28,0,0
2020/03/29,新潟県,31,0,,24,77,7,23,0,0
2020/03/29,大分県,28,1,,27,96,1,4,0,0
2020/03/29,福岡県,22,1,,20,91,2,9,0,0
2020/03/29,岐阜県,21,5,,20,95,1,5,0,0
2020/03/29,群馬県,18,3,,17,94,0,0,1,6
2020/03/29,和歌山県,17,0,,3,18,13,76,1,6
2020/03/29,茨城県,16,3,,16,100,0,0,0,0
2020/03/29,高知県,14,1,,2,14,12,86,0,0
2020/03/29,福井県,13,1,,13,100,0,0,0,0
2020/03/29,栃木県,12,1,,10,83,2,17,0,0
2020/03/29,奈良県,11,0,,3,27,8,73,0,0
2020/03/29,熊本県,10,0,,7,70,3,30,0,0
2020/03/29,石川県,9,0,,4,44,5,56,0,0
2020/03/29,三重県,9,0,,7,78,2,22,0,0
2020/03/29,沖縄県,8,2,,6,75,2,25,0,0
2020/03/29,長野県,8,2,,5,63,3,38,0,0
2020/03/29,青森県,7,1,,7,100,0,0,0,0
2020/03/29,広島県,6,2,,5,83,1,17,0,0
2020/03/29,山口県,6,0,,4,67,2,33,0,0
2020/03/29,滋賀県,6,0,,5,83,1,17,0,0
2020/03/29,山梨県,4,0,,2,50,2,50,0,0
2020/03/29,秋田県,4,0,,2,50,2,50,0,0
2020/03/29,静岡県,4,0,,2,50,2,50,0,0
2020/03/29,愛媛県,4,0,,2,50,2,50,0,0
2020/03/29,宮崎県,3,0,,2,67,1,33,0,0
2020/03/29,岡山県,3,0,,3,100,0,0,0,0
2020/03/29,宮城県,2,0,,1,50,1,50,0,0
2020/03/29,福島県,2,0,,2,100,0,0,0,0
2020/03/29,長崎県,2,0,,2,100,0,0,0,0
2020/03/29,徳島県,1,0,,0,0,1,100,0,0
2020/03/29,香川県,1,0,,1,100,0,0,0,0
2020/03/29,佐賀県,1,0,,1,100,0,0,0,0
2020/03/29,鹿児島県,1,0,,1,100,0,0,0,0
2020/03/30,東京都,449,,,407,,36,,6,
2020/03/30,大阪府,217,,,167,,48,,2,
2020/03/30,北海道,177,,,49,,121,,7,
2020/03/30,愛知県,170,,,109,,42,,19,
2020/03/30,千葉県,160,,,140,,19,,1,
2020/03/30,兵庫県,136,,,108,,18,,10,
2020/03/30,神奈川県,115,,,89,,20,,6,
2020/03/30,埼玉県,84,,,66,,15,,3,
2020/03/30,京都府,54,,,41,,13,,0,
2020/03/30,新潟県,31,,,24,,7,,0,
2020/03/30,大分県,28,,,27,,1,,0,
2020/03/30,福岡県,23,,,21,,2,,0,
2020/03/30,岐阜県,21,,,20,,1,,0,
2020/03/30,茨城県,20,,,20,,0,,0,
2020/03/30,群馬県,18,,,17,,0,,1,
2020/03/30,和歌山県,17,,,3,,13,,1,
2020/03/30,福井県,15,,,15,,0,,0,
2020/03/30,高知県,15,,,3,,12,,0,
2020/03/30,栃木県,12,,,10,,2,,0,
2020/03/30,石川県,11,,,6,,5,,0,
2020/03/30,三重県,11,,,9,,2,,0,
2020/03/30,熊本県,11,,,8,,3,,0,
2020/03/30,奈良県,11,,,3,,8,,0,
2020/03/30,沖縄県,9,,,7,,2,,0,
2020/03/30,長野県,8,,,5,,3,,0,
2020/03/30,青森県,7,,,7,,0,,0,
2020/03/30,宮城県,6,,,5,,1,,0,
2020/03/30,山口県,6,,,4,,2,,0,
2020/03/30,滋賀県,6,,,5,,1,,0,
2020/03/30,広島県,6,,,5,,1,,0,
2020/03/30,山梨県,5,,,3,,2,,0,
2020/03/30,岡山県,4,,,4,,0,,0,
2020/03/30,秋田県,4,,,2,,2,,0,
2020/03/30,静岡県,4,,,2,,2,,0,
2020/03/30,愛媛県,4,,,2,,2,,0,
2020/03/30,宮崎県,3,,,2,,1,,0,
2020/03/30,福島県,2,,,2,,0,,0,
2020/03/30,長崎県,2,,,2,,0,,0,
2020/03/30,富山県,1,,,1,,0,,0,
2020/03/30,徳島県,1,,,0,,1,,0,
2020/03/30,香川県,1,,,1,,0,,0,
2020/03/30,佐賀県,1,,,1,,0,,0,
2020/03/30,鹿児島県,1,,,1,,0,,0,
2020/03/31,東京都,527,78,,484,92,37,7,6,1
2020/03/31,大阪府,245,28,,173,71,70,29,2,1
2020/03/31,北海道,177,0,,46,26,124,70,7,4
2020/03/31,愛知県,176,6,,110,63,47,27,19,11
2020/03/31,千葉県,164,4,,144,88,19,12,1,1
2020/03/31,兵庫県,147,11,,118,80,18,12,11,7
2020/03/31,神奈川県,120,5,,87,73,27,23,6,5
2020/03/31,埼玉県,98,14,,80,82,15,15,3,3
2020/03/31,京都府,68,14,,53,78,15,22,0,0
2020/03/31,福岡県,43,20,,41,95,2,5,0,0
2020/03/31,新潟県,31,0,,21,68,10,32,0,0
2020/03/31,大分県,29,1,,28,97,1,3,0,0
2020/03/31,茨城県,24,4,,24,100,0,0,0,0
2020/03/31,岐阜県,23,2,,21,91,2,9,0,0
2020/03/31,群馬県,19,1,,18,95,0,0,1,5
2020/03/31,高知県,17,2,,5,29,12,71,0,0
2020/03/31,和歌山県,17,0,,3,18,13,76,1,6
2020/03/31,福井県,16,1,,16,100,0,0,0,0
2020/03/31,熊本県,14,3,,11,79,3,21,0,0
2020/03/31,栃木県,14,2,,12,86,2,14,0,0
2020/03/31,石川県,13,2,,8,62,5,38,0,0
2020/03/31,奈良県,11,0,,3,27,8,73,0,0
2020/03/31,三重県,11,0,,9,82,2,18,0,0
2020/03/31,愛媛県,9,5,,7,78,2,22,0,0
2020/03/31,沖縄県,9,0,,7,78,2,22,0,0
2020/03/31,青森県,8,1,,8,100,0,0,0,0
2020/03/31,長野県,8,0,,5,63,3,38,0,0
2020/03/31,宮城県,7,1,,6,86,1,14,0,0
2020/03/31,滋賀県,7,1,,5,71,2,29,0,0
2020/03/31,秋田県,6,2,,4,67,2,33,0,0
2020/03/31,静岡県,6,2,,3,50,3,50,0,0
2020/03/31,山梨県,6,1,,4,67,2,33,0,0
2020/03/31,山口県,6,0,,3,50,3,50,0,0
2020/03/31,広島県,6,0,,5,83,1,17,0,0
2020/03/31,福島県,4,2,,4,100,0,0,0,0
2020/03/31,岡山県,4,0,,4,100,0,0,0,0
2020/03/31,富山県,3,2,,3,100,0,0,0,0
2020/03/31,徳島県,3,2,,2,67,1,33,0,0
2020/03/31,宮崎県,3,0,,2,67,1,33,0,0
2020/03/31,香川県,2,1,,2,100,0,0,0,0
2020/03/31,佐賀県,2,1,,2,100,0,0,0,0
2020/03/31,長崎県,2,0,,1,50,1,50,0,0
2020/03/31,山形県,1,1,,1,100,0,0,0,0
2020/03/31,鹿児島県,1,0,,1,100,0,0,0,0
2020/04/01,東京都,593,66,0.429,539,91,47,8,7,1
2020/04/01,大阪府,279,34,0.317,207,74,70,25,2,1
2020/04/01,北海道,182,5,0.344,44,24,131,72,7,4
2020/04/01,愛知県,181,5,0.240,115,64,47,26,19,10
2020/04/01,千葉県,175,11,0.280,151,86,23,13,1,1
2020/04/01,兵庫県,161,14,0.294,132,82,18,11,11,7
2020/04/01,神奈川県,138,18,0.150,104,75,28,20,6,4
2020/04/01,埼玉県,101,3,0.138,77,76,20,20,4,4
2020/04/01,京都府,71,3,0.274,55,77,16,23,0,0
2020/04/01,福岡県,52,10,0.102,47,90,5,10,0,0
2020/04/01,新潟県,31,0,0.138,21,68,10,32,0,0
2020/04/01,大分県,29,0,0.253,28,97,1,3,0,0
2020/04/01,茨城県,24,0,0.083,23,96,0,0,1,4
2020/04/01,福井県,22,6,0.284,22,100,0,0,0,0
2020/04/01,岐阜県,22,0,0.110,20,91,2,9,0,0
2020/04/01,高知県,20,3,0.283,8,40,12,60,0,0
2020/04/01,群馬県,20,1,0.102,19,95,0,0,1,5
2020/04/01,和歌山県,18,1,0.193,4,22,13,72,1,6
2020/04/01,奈良県,15,4,0.112,7,47,8,53,0,0
2020/04/01,石川県,15,2,0.131,10,67,5,33,0,0
2020/04/01,熊本県,15,1,0.085,12,80,3,20,0,0
2020/04/01,栃木県,14,0,0.072,12,86,2,14,0,0
2020/04/01,三重県,11,0,0.061,9,82,2,18,0,0
2020/04/01,長野県,9,1,0.044,6,67,3,33,0,0
2020/04/01,沖縄県,9,0,0.062,7,78,2,22,0,0
2020/04/01,愛媛県,9,0,0.067,7,78,2,22,0,0
2020/04/01,山梨県,8,2,0.098,6,75,2,25,0,0
2020/04/01,滋賀県,8,1,0.057,5,63,3,38,0,0
2020/04/01,青森県,8,0,0.063,8,100,0,0,0,0
2020/04/01,宮城県,7,0,0.030,6,86,1,14,0,0
2020/04/01,福島県,6,2,0.032,5,83,1,17,0,0
2020/04/01,秋田県,6,0,0.061,4,67,2,33,0,0
2020/04/01,静岡県,6,0,0.016,3,50,3,50,0,0
2020/04/01,山口県,6,0,0.044,3,50,3,50,0,0
2020/04/01,広島県,6,0,0.021,5,83,1,17,0,0
2020/04/01,長崎県,5,3,0.037,4,80,1,20,0,0
2020/04/01,富山県,5,3,0.048,5,100,0,0,0,0
2020/04/01,佐賀県,4,2,0.049,4,100,0,0,0,0
2020/04/01,岡山県,4,0,0.021,4,100,0,0,0,0
2020/04/01,宮崎県,3,0,0.028,2,67,1,33,0,0
2020/04/01,徳島県,3,0,0.041,2,67,1,33,0,0
2020/04/01,鹿児島県,2,1,0.012,2,100,0,0,0,0
2020/04/01,香川県,2,0,0.021,2,100,0,0,0,0
2020/04/01,山形県,1,0,0.009,1,100,0,0,0,0
2020/04/02,東京都,690,97,0.499,635,92,48,7,7,1
2020/04/02,大阪府,312,33,0.354,239,77,71,23,2,1
2020/04/02,愛知県,186,5,0.247,120,65,47,25,19,10
2020/04/02,北海道,185,3,0.350,46,25,131,71,8,4
2020/04/02,千葉県,181,6,0.289,154,85,26,14,1,1
2020/04/02,兵庫県,167,6,0.305,138,83,18,11,11,7
2020/04/02,神奈川県,153,15,0.167,119,78,28,18,6,4
2020/04/02,埼玉県,113,12,0.154,88,78,21,19,4,4
2020/04/02,京都府,79,8,0.305,61,77,18,23,0,0
2020/04/02,福岡県,62,10,0.121,57,92,5,8,0,0
2020/04/02,福井県,31,9,0.401,30,97,0,0,1,3
2020/04/02,新潟県,31,0,0.138,21,68,10,32,0,0
2020/04/02,大分県,30,1,0.262,29,97,1,3,0,0
2020/04/02,茨城県,26,2,0.090,24,92,0,0,2,8
2020/04/02,岐阜県,22,0,0.110,20,91,2,9,0,0
2020/04/02,高知県,21,1,0.297,9,43,12,57,0,0
2020/04/02,和歌山県,20,2,0.214,5,25,14,70,1,5
2020/04/02,群馬県,20,0,0.102,19,95,0,0,1,5
2020/04/02,奈良県,19,4,0.142,11,58,8,42,0,0
2020/04/02,石川県,16,1,0.140,11,69,5,31,0,0
2020/04/02,熊本県,15,0,0.085,12,80,3,20,0,0
2020/04/02,栃木県,14,0,0.072,12,86,2,14,0,0
2020/04/02,宮城県,12,5,0.052,11,92,1,8,0,0
2020/04/02,三重県,12,1,0.067,10,83,2,17,0,0
2020/04/02,愛媛県,11,2,0.081,9,82,2,18,0,0
2020/04/02,山梨県,9,1,0.110,7,78,2,22,0,0
2020/04/02,青森県,9,1,0.071,9,100,0,0,0,0
2020/04/02,沖縄県,9,0,0.062,7,78,2,22,0,0
2020/04/02,長野県,9,0,0.044,6,67,3,33,0,0
2020/04/02,富山県,8,3,0.076,8,100,0,0,0,0
2020/04/02,福島県,8,2,0.043,7,88,1,13,0,0
2020/04/02,滋賀県,8,0,0.057,5,63,3,38,0,0
2020/04/02,岡山県,7,3,0.037,7,100,0,0,0,0
2020/04/02,秋田県,7,1,0.071,5,71,2,29,0,0
2020/04/02,静岡県,6,0,0.016,3,50,3,50,0,0
2020/04/02,山口県,6,0,0.044,3,50,3,50,0,0
2020/04/02,広島県,6,0,0.021,5,83,1,17,0,0
2020/04/02,長崎県,5,0,0.037,4,80,1,20,0,0
2020/04/02,佐賀県,4,0,0.049,4,100,0,0,0,0
2020/04/02,鹿児島県,3,1,0.019,3,100,0,0,0,0
2020/04/02,宮崎県,3,0,0.028,2,67,1,33,0,0
2020/04/02,徳島県,3,0,0.041,2,67,1,33,0,0
2020/04/02,香川県,2,0,0.021,2,100,0,0,0,0
2020/04/02,山形県,1,0,0.009,1,100,0,0,0,0
2020/04/03,東京都,779,89,0.564,719,92,48,6,12,2
2020/04/03,大阪府,347,35,0.394,272,78,73,21,2,1
2020/04/03,愛知県,198,12,0.263,131,66,48,24,19,10
2020/04/03,千葉県,192,11,0.307,160,83,31,16,1,1
2020/04/03,北海道,190,5,0.359,52,27,130,68,8,4
2020/04/03,神奈川県,181,28,0.197,143,79,32,18,6,3
2020/04/03,兵庫県,172,5,0.314,110,64,51,30,11,6
2020/04/03,埼玉県,131,18,0.179,104,79,23,18,4,3
2020/04/03,京都府,91,12,0.351,73,80,18,20,0,0
2020/04/03,福岡県,66,4,0.129,61,92,5,8,0,0
2020/04/03,茨城県,54,28,0.188,51,94,1,2,2,4
2020/04/03,福井県,40,9,0.517,39,98,0,0,1,3
2020/04/03,岐阜県,39,17,0.195,37,95,2,5,0,0
2020/04/03,新潟県,32,1,0.142,21,66,11,34,0,0
2020/04/03,大分県,31,1,0.271,25,81,6,19,0,0
2020/04/03,石川県,24,8,0.210,19,79,5,21,0,0
2020/04/03,群馬県,24,4,0.123,23,96,0,0,1,4
2020/04/03,奈良県,21,2,0.157,13,62,8,38,0,0
2020/04/03,和歌山県,21,1,0.225,5,24,15,71,1,5
2020/04/03,高知県,21,0,0.297,9,43,12,57,0,0
2020/04/03,熊本県,15,0,0.085,12,80,3,20,0,0
2020/04/03,滋賀県,14,6,0.099,11,79,3,21,0,0
2020/04/03,栃木県,14,0,0.072,11,79,3,21,0,0
2020/04/03,宮城県,13,1,0.056,12,92,1,8,0,0
2020/04/03,三重県,12,0,0.067,8,67,4,33,0,0
2020/04/03,青森県,11,2,0.087,11,100,0,0,0,0
2020/04/03,愛媛県,11,0,0.081,7,64,3,27,1,9
2020/04/03,長野県,10,1,0.048,6,60,4,40,0,0
2020/04/03,秋田県,9,2,0.092,7,78,2,22,0,0
2020/04/03,岡山県,9,2,0.047,9,100,0,0,0,0
2020/04/03,福島県,9,1,0.048,8,89,1,11,0,0
2020/04/03,沖縄県,9,0,0.062,7,78,2,22,0,0
2020/04/03,山梨県,9,0,0.110,7,78,2,22,0,0
2020/04/03,静岡県,8,2,0.022,5,63,3,38,0,0
2020/04/03,広島県,8,2,0.028,7,88,1,13,0,0
2020/04/03,富山県,8,0,0.076,8,100,0,0,0,0
2020/04/03,長崎県,7,2,0.052,5,71,2,29,0,0
2020/04/03,山口県,7,1,0.051,4,57,3,43,0,0
2020/04/03,佐賀県,5,1,0.061,5,100,0,0,0,0
2020/04/03,宮崎県,4,1,0.037,2,50,2,50,0,0
2020/04/03,徳島県,3,0,0.041,2,67,1,33,0,0
2020/04/03,鹿児島県,3,0,0.019,3,100,0,0,0,0
2020/04/03,香川県,2,0,0.021,2,100,0,0,0,0
2020/04/03,山形県,1,0,0.009,1,100,0,0,0,0
2020/04/04,東京都,897,118,0.649,837,93,48,5,12,1
2020/04/04,大阪府,388,41,0.440,306,79,80,21,2,1
2020/04/04,千葉県,219,27,0.350,187,85,31,14,1,0
2020/04/04,愛知県,216,18,0.287,149,69,48,22,19,9
2020/04/04,神奈川県,197,16,0.215,159,81,32,16,6,3
2020/04/04,北海道,193,3,0.365,55,28,130,67,8,4
2020/04/04,兵庫県,182,10,0.332,119,65,52,29,11,6
2020/04/04,埼玉県,153,22,0.209,126,82,23,15,4,3
2020/04/04,京都府,105,14,0.405,87,83,18,17,0,0
2020/04/04,福岡県,67,1,0.131,62,93,5,7,0,0
2020/04/04,茨城県,59,5,0.205,56,95,1,2,2,3
2020/04/04,福井県,44,4,0.568,43,98,0,0,1,2
2020/04/04,岐阜県,43,4,0.215,40,93,2,5,1,2
2020/04/04,石川県,32,8,0.280,27,84,5,16,0,0
2020/04/04,新潟県,32,0,0.142,21,66,11,34,0,0
2020/04/04,大分県,31,0,0.271,25,81,6,19,0,0
2020/04/04,群馬県,25,1,0.128,23,92,1,4,1,4
2020/04/04,高知県,24,3,0.340,12,50,12,50,0,0
2020/04/04,奈良県,24,3,0.179,16,67,8,33,0,0
2020/04/04,和歌山県,21,0,0.225,5,24,15,71,1,5
2020/04/04,宮城県,20,7,0.086,19,95,1,5,0,0
2020/04/04,滋賀県,17,3,0.120,14,82,3,18,0,0
2020/04/04,熊本県,16,1,0.091,13,81,3,19,0,0
2020/04/04,福島県,14,5,0.075,13,93,1,7,0,0
2020/04/04,栃木県,14,0,0.072,11,79,3,21,0,0
2020/04/04,広島県,13,5,0.046,12,92,1,8,0,0
2020/04/04,愛媛県,12,1,0.089,8,67,3,25,1,8
2020/04/04,三重県,12,0,0.067,8,67,4,33,0,0
2020/04/04,山梨県,11,2,0.135,9,82,2,18,0,0
2020/04/04,長野県,11,1,0.053,7,64,4,36,0,0
2020/04/04,青森県,11,0,0.087,11,100,0,0,0,0
2020/04/04,静岡県,10,2,0.027,7,70,3,30,0,0
2020/04/04,富山県,10,2,0.095,10,100,0,0,0,0
2020/04/04,秋田県,10,1,0.102,8,80,2,20,0,0
2020/04/04,岡山県,10,1,0.053,10,100,0,0,0,0
2020/04/04,沖縄県,9,0,0.062,7,78,2,22,0,0
2020/04/04,長崎県,8,1,0.060,6,75,2,25,0,0
2020/04/04,山口県,7,0,0.051,4,57,3,43,0,0
2020/04/04,山形県,6,5,0.055,6,100,0,0,0,0
2020/04/04,佐賀県,6,1,0.073,6,100,0,0,0,0
2020/04/04,宮崎県,4,0,0.037,2,50,2,50,0,0
2020/04/04,徳島県,3,0,0.041,2,67,1,33,0,0
2020/04/04,鹿児島県,3,0,0.019,3,100,0,0,0,0
2020/04/04,香川県,2,0,0.021,2,100,0,0,0,0
2020/04/05,東京都,1040,143,0.752,978,94,50,5,12,1
2020/04/05,大阪府,409,21,0.464,324,79,82,20,3,1
2020/04/05,千葉県,238,19,0.380,205,86,32,13,1,0
2020/04/05,愛知県,227,11,0.301,159,70,48,21,20,9
2020/04/05,神奈川県,226,29,0.246,188,83,32,14,6,3
2020/04/05,兵庫県,195,13,0.356,132,68,52,27,11,6
2020/04/05,北海道,194,1,0.367,56,29,130,67,8,4
2020/04/05,埼玉県,174,21,0.237,147,84,23,13,4,2
2020/04/05,京都府,111,6,0.428,93,84,18,16,0,0
2020/04/05,福岡県,109,42,0.213,103,94,6,6,0,0
2020/04/05,茨城県,64,5,0.222,61,95,1,2,2,3
2020/04/05,福井県,51,7,0.659,49,96,0,0,2,4
2020/04/05,岐阜県,50,7,0.250,47,94,2,4,1,2
2020/04/05,石川県,43,11,0.376,38,88,5,12,0,0
2020/04/05,新潟県,32,0,0.142,21,66,11,34,0,0
2020/04/05,高知県,31,7,0.439,19,61,12,39,0,0
2020/04/05,大分県,31,0,0.271,25,81,6,19,0,0
2020/04/05,群馬県,26,1,0.133,24,92,1,4,1,4
2020/04/05,和歌山県,25,4,0.267,9,36,15,60,1,4
2020/04/05,奈良県,25,1,0.187,17,68,8,32,0,0
2020/04/05,宮城県,23,3,0.099,22,96,1,4,0,0
2020/04/05,熊本県,20,4,0.114,17,85,3,15,0,0
2020/04/05,滋賀県,18,1,0.127,15,83,3,17,0,0
2020/04/05,広島県,16,3,0.057,15,94,1,6,0,0
2020/04/05,福島県,16,2,0.086,15,94,1,6,0,0
2020/04/05,栃木県,14,0,0.072,11,79,3,21,0,0
2020/04/05,山梨県,13,2,0.159,11,85,2,15,0,0
2020/04/05,三重県,13,1,0.073,9,69,4,31,0,0
2020/04/05,長野県,12,1,0.058,8,67,4,33,0,0
2020/04/05,愛媛県,12,0,0.089,8,67,3,25,1,8
2020/04/05,秋田県,11,1,0.112,9,82,2,18,0,0
2020/04/05,岡山県,11,1,0.058,11,100,0,0,0,0
2020/04/05,青森県,11,0,0.087,11,100,0,0,0,0
2020/04/05,山形県,10,4,0.092,10,100,0,0,0,0
2020/04/05,静岡県,10,0,0.027,7,70,3,30,0,0
2020/04/05,富山県,10,0,0.095,10,100,0,0,0,0
2020/04/05,長崎県,9,1,0.067,7,78,2,22,0,0
2020/04/05,沖縄県,9,0,0.062,7,78,2,22,0,0
2020/04/05,佐賀県,8,2,0.098,7,88,1,13,0,0
2020/04/05,山口県,8,1,0.058,5,63,3,38,0,0
2020/04/05,宮崎県,6,2,0.056,4,67,2,33,0,0
2020/04/05,徳島県,3,0,0.041,2,67,1,33,0,0
2020/04/05,鹿児島県,3,0,0.019,3,100,0,0,0,0
2020/04/05,香川県,2,0,0.021,2,100,0,0,0,0
2020/04/06,東京都,1123,83,0.812,1049,93,58,5,16,1
2020/04/06,大阪府,429,20,0.487,343,80,83,19,3,1
2020/04/06,神奈川県,261,35,0.284,223,85,32,12,6,2
2020/04/06,千葉県,253,15,0.404,220,87,32,13,1,0
2020/04/06,愛知県,237,10,0.314,164,69,52,22,21,9
2020/04/06,兵庫県,201,6,0.367,136,68,53,26,12,6
2020/04/06,埼玉県,195,21,0.266,168,86,23,12,4,2
2020/04/06,北海道,194,0,0.367,44,23,141,73,9,5
2020/04/06,京都府,119,8,0.459,101,85,18,15,0,0
2020/04/06,福岡県,113,4,0.221,107,95,6,5,0,0
2020/04/06,茨城県,71,7,0.247,68,96,1,1,2,3
2020/04/06,福井県,57,6,0.736,54,95,1,2,2,4
2020/04/06,岐阜県,51,1,0.255,48,94,2,4,1,2
2020/04/06,石川県,45,2,0.394,40,89,5,11,0,0
2020/04/06,高知県,34,3,0.482,22,65,12,35,0,0
2020/04/06,大分県,32,1,0.280,24,75,8,25,0,0
2020/04/06,新潟県,32,0,0.142,21,66,11,34,0,0
2020/04/06,和歌山県,27,2,0.289,11,41,15,56,1,4
2020/04/06,宮城県,26,3,0.112,25,96,1,4,0,0
2020/04/06,奈良県,26,1,0.194,18,69,8,31,0,0
2020/04/06,群馬県,26,0,0.133,24,92,1,4,1,4
2020/04/06,熊本県,20,0,0.114,17,85,3,15,0,0
2020/04/06,滋賀県,18,0,0.127,15,83,3,17,0,0
2020/04/06,広島県,16,0,0.057,15,94,1,6,0,0
2020/04/06,福島県,16,0,0.086,15,94,1,6,0,0
2020/04/06,沖縄県,15,6,0.104,13,87,2,13,0,0
2020/04/06,長野県,14,2,0.068,10,71,4,29,0,0
2020/04/06,愛媛県,14,2,0.104,9,64,4,29,1,7
2020/04/06,山梨県,14,1,0.171,12,86,2,14,0,0
2020/04/06,栃木県,14,0,0.072,11,79,3,21,0,0
2020/04/06,山形県,13,3,0.119,13,100,0,0,0,0
2020/04/06,三重県,13,0,0.073,9,69,4,31,0,0
2020/04/06,山口県,12,4,0.088,9,75,3,25,0,0
2020/04/06,富山県,11,1,0.105,11,100,0,0,0,0
2020/04/06,秋田県,11,0,0.112,9,82,2,18,0,0
2020/04/06,青森県,11,0,0.087,11,100,0,0,0,0
2020/04/06,岡山県,11,0,0.058,11,100,0,0,0,0
2020/04/06,静岡県,10,0,0.027,7,70,3,30,0,0
2020/04/06,長崎県,9,0,0.067,7,78,2,22,0,0
2020/04/06,佐賀県,8,0,0.098,7,88,1,13,0,0
2020/04/06,宮崎県,7,1,0.065,4,57,3,43,0,0
2020/04/06,徳島県,3,0,0.041,2,67,1,33,0,0
2020/04/06,鹿児島県,3,0,0.019,3,100,0,0,0,0
2020/04/06,香川県,2,0,0.021,2,100,0,0,0,0
2020/04/07,東京都,1203,80,0.870,1129,94,58,5,16,1
2020/04/07,大阪府,482,53,0.547,396,82,83,17,3,1
2020/04/07,千葉県,284,31,0.454,251,88,32,11,1,0
2020/04/07,神奈川県,279,18,0.304,237,85,35,13,7,3
2020/04/07,愛知県,258,21,0.342,185,72,52,20,21,8
2020/04/07,兵庫県,216,15,0.394,151,70,53,25,12,6
2020/04/07,埼玉県,209,14,0.285,182,87,23,11,4,2
2020/04/07,北海道,198,4,0.375,46,23,143,72,9,5
2020/04/07,京都府,139,20,0.536,121,87,18,13,0,0
2020/04/07,福岡県,136,23,0.266,129,95,7,5,0,0
2020/04/07,茨城県,77,6,0.268,74,96,1,1,2,3
2020/04/07,福井県,57,0,0.736,54,95,1,2,2,4
2020/04/07,石川県,51,6,0.446,46,90,5,10,0,0
2020/04/07,岐阜県,51,0,0.255,47,92,3,6,1,2
2020/04/07,高知県,36,2,0.510,24,67,12,33,0,0
2020/04/07,新潟県,34,2,0.151,19,56,15,44,0,0
2020/04/07,大分県,32,0,0.280,24,75,8,25,0,0
2020/04/07,群馬県,29,3,0.149,27,93,1,3,1,3
2020/04/07,奈良県,28,2,0.209,20,71,8,29,0,0
2020/04/07,和歌山県,28,1,0.299,12,43,15,54,1,4
2020/04/07,沖縄県,27,12,0.186,25,93,2,7,0,0
2020/04/07,宮城県,27,1,0.117,26,96,1,4,0,0
2020/04/07,福島県,24,8,0.129,23,96,1,4,0,0
2020/04/07,愛媛県,23,9,0.170,18,78,4,17,1,4
2020/04/07,熊本県,21,1,0.120,18,86,3,14,0,0
2020/04/07,山形県,19,6,0.174,19,100,0,0,0,0
2020/04/07,山梨県,19,5,0.233,17,89,2,11,0,0
2020/04/07,広島県,19,3,0.067,18,95,1,5,0,0
2020/04/07,滋賀県,18,0,0.127,15,83,3,17,0,0
2020/04/07,栃木県,15,1,0.077,12,80,3,20,0,0
2020/04/07,長野県,14,0,0.068,11,79,3,21,0,0
2020/04/07,山口県,13,1,0.095,10,77,3,23,0,0
2020/04/07,三重県,13,0,0.073,9,69,4,31,0,0
2020/04/07,富山県,12,1,0.114,12,100,0,0,0,0
2020/04/07,岡山県,12,1,0.063,12,100,0,0,0,0
2020/04/07,秋田県,11,0,0.112,9,82,2,18,0,0
2020/04/07,青森県,11,0,0.087,11,100,0,0,0,0
2020/04/07,静岡県,10,0,0.027,7,70,3,30,0,0
2020/04/07,佐賀県,9,1,0.110,8,89,1,11,0,0
2020/04/07,長崎県,9,0,0.067,7,78,2,22,0,0
2020/04/07,宮崎県,7,0,0.065,4,57,3,43,0,0
2020/04/07,徳島県,3,0,0.041,2,67,1,33,0,0
2020/04/07,鹿児島県,3,0,0.019,3,100,0,0,0,0
2020/04/07,香川県,2,0,0.021,2,100,0,0,0,0
2020/04/08,東京都,1347,144,0.975,1272,94,57,4,18,1
2020/04/08,大阪府,525,43,0.596,403,77,116,22,6,1
2020/04/08,神奈川県,327,48,0.356,284,87,37,11,6,2
2020/04/08,千葉県,317,33,0.507,284,90,32,10,1,0
2020/04/08,愛知県,278,20,0.369,205,74,52,19,21,8
2020/04/08,埼玉県,242,33,0.330,215,89,23,10,4,2
2020/04/08,兵庫県,216,0,0.394,151,70,53,25,12,6
2020/04/08,北海道,208,10,0.393,53,25,146,70,9,4
2020/04/08,福岡県,161,25,0.315,154,96,7,4,0,0
2020/04/08,京都府,149,10,0.575,126,85,23,15,0,0
2020/04/08,茨城県,77,0,0.268,71,92,4,5,2,3
2020/04/08,岐阜県,69,18,0.346,65,94,3,4,1,1
2020/04/08,福井県,67,10,0.866,64,96,1,1,2,3
2020/04/08,石川県,66,15,0.577,61,92,5,8,0,0
2020/04/08,大分県,41,9,0.358,33,80,8,20,0,0
2020/04/08,新潟県,37,3,0.165,19,51,18,49,0,0
2020/04/08,高知県,37,1,0.524,25,68,12,32,0,0
2020/04/08,宮城県,34,7,0.147,33,97,1,3,0,0
2020/04/08,沖縄県,32,5,0.221,29,91,3,9,0,0
2020/04/08,奈良県,30,2,0.224,22,73,8,27,0,0
2020/04/08,福島県,29,5,0.156,28,97,1,3,0,0
2020/04/08,和歌山県,29,1,0.310,13,45,15,52,1,3
2020/04/08,群馬県,29,0,0.149,26,90,2,7,1,3
2020/04/08,愛媛県,25,2,0.185,20,80,4,16,1,4
2020/04/08,滋賀県,24,6,0.170,21,88,3,13,0,0
2020/04/08,広島県,23,4,0.082,22,96,1,4,0,0
2020/04/08,熊本県,23,2,0.131,20,87,3,13,0,0
2020/04/08,山梨県,22,3,0.269,20,91,2,9,0,0
2020/04/08,山形県,22,3,0.202,22,100,0,0,0,0
2020/04/08,栃木県,21,6,0.108,16,76,5,24,0,0
2020/04/08,長野県,19,5,0.092,16,84,3,16,0,0
2020/04/08,山口県,17,4,0.124,14,82,3,18,0,0
2020/04/08,静岡県,15,5,0.041,12,80,3,20,0,0
2020/04/08,岡山県,15,3,0.079,15,100,0,0,0,0
2020/04/08,富山県,14,2,0.133,14,100,0,0,0,0
2020/04/08,三重県,13,0,0.073,8,62,5,38,0,0
2020/04/08,宮崎県,12,5,0.111,9,75,3,25,0,0
2020/04/08,長崎県,12,3,0.089,10,83,2,17,0,0
2020/04/08,青森県,12,1,0.095,12,100,0,0,0,0
2020/04/08,佐賀県,11,2,0.134,10,91,1,9,0,0
2020/04/08,秋田県,11,0,0.112,9,82,2,18,0,0
2020/04/08,香川県,3,1,0.031,3,100,0,0,0,0
2020/04/08,徳島県,3,0,0.041,2,67,1,33,0,0
2020/04/08,鹿児島県,3,0,0.019,3,100,0,0,0,0
2020/04/09,東京都,1528,181,1.105,1453,95,57,4,18,1
2020/04/09,大阪府,589,64,0.668,465,79,118,20,6,1
2020/04/09,神奈川県,375,48,0.409,332,89,37,10,6,2
2020/04/09,千葉県,342,25,0.547,306,89,35,10,1,0
2020/04/09,愛知県,299,21,0.397,225,75,53,18,21,7
2020/04/09,兵庫県,273,57,0.498,203,74,58,21,12,4
2020/04/09,埼玉県,271,29,0.370,241,89,25,9,5,2
2020/04/09,北海道,226,18,0.428,71,31,145,64,10,4
2020/04/09,福岡県,187,26,0.366,180,96,7,4,0,0
2020/04/09,京都府,159,10,0.614,129,81,29,18,1,1
2020/04/09,茨城県,81,4,0.282,75,93,4,5,2,2
2020/04/09,岐阜県,76,7,0.381,70,92,5,7,1,1
2020/04/09,石川県,72,6,0.630,67,93,5,7,0,0
2020/04/09,福井県,72,5,0.930,67,93,3,4,2,3
2020/04/09,高知県,47,10,0.666,35,74,12,26,0,0
2020/04/09,沖縄県,42,10,0.290,39,93,3,7,0,0
2020/04/09,大分県,41,0,0.358,31,76,10,24,0,0
2020/04/09,新潟県,39,2,0.174,22,56,17,44,0,0
2020/04/09,宮城県,36,2,0.155,35,97,1,3,0,0
2020/04/09,奈良県,34,4,0.254,26,76,8,24,0,0
2020/04/09,福島県,33,4,0.177,31,94,2,6,0,0
2020/04/09,群馬県,33,4,0.169,28,85,4,12,1,3
2020/04/09,和歌山県,32,3,0.342,16,50,15,47,1,3
2020/04/09,栃木県,31,10,0.159,26,84,5,16,0,0
2020/04/09,山形県,27,5,0.248,27,100,0,0,0,0
2020/04/09,滋賀県,26,2,0.184,23,88,3,12,0,0
2020/04/09,愛媛県,26,1,0.192,21,81,4,15,1,4
2020/04/09,広島県,25,2,0.089,22,88,3,12,0,0
2020/04/09,山梨県,24,2,0.294,22,92,2,8,0,0
2020/04/09,熊本県,23,0,0.131,19,83,4,17,0,0
2020/04/09,長野県,21,2,0.102,18,86,3,14,0,0
2020/04/09,山口県,17,0,0.124,14,82,3,18,0,0
2020/04/09,宮崎県,16,4,0.148,13,81,3,19,0,0
2020/04/09,富山県,16,2,0.152,16,100,0,0,0,0
2020/04/09,静岡県,16,1,0.044,13,81,3,19,0,0
2020/04/09,岡山県,16,1,0.084,16,100,0,0,0,0
2020/04/09,三重県,15,2,0.084,10,67,5,33,0,0
2020/04/09,青森県,14,2,0.111,14,100,0,0,0,0
2020/04/09,長崎県,14,2,0.104,12,86,2,14,0,0
2020/04/09,秋田県,11,0,0.112,9,82,2,18,0,0
2020/04/09,佐賀県,11,0,0.134,10,91,1,9,0,0
2020/04/09,徳島県,3,0,0.041,2,67,1,33,0,0
2020/04/09,香川県,3,0,0.031,3,100,0,0,0,0
2020/04/09,鹿児島県,3,0,0.019,3,100,0,0,0,0
2020/04/09,島根県,1,1,0.015,1,100,0,0,0,0
2020/04/10,東京都,1717,189,1.242,1641,96,57,3,19,1
2020/04/10,大阪府,697,108,0.791,570,82,121,17,6,1
2020/04/10,神奈川県,425,50,0.463,375,88,44,10,6,1
2020/04/10,千葉県,375,33,0.600,336,90,37,10,2,1
2020/04/10,埼玉県,325,54,0.443,295,91,25,8,5,2
2020/04/10,兵庫県,316,43,0.576,245,77,59,19,12,4
2020/04/10,愛知県,313,14,0.415,228,73,63,20,22,7
2020/04/10,北海道,239,13,0.452,80,33,148,62,11,5
2020/04/10,福岡県,224,37,0.439,217,97,7,3,0,0
2020/04/10,京都府,168,9,0.648,138,82,29,18,1,1
2020/04/10,石川県,92,20,0.805,87,95,5,5,0,0
2020/04/10,岐阜県,82,6,0.411,76,93,5,6,1,1
2020/04/10,茨城県,82,1,0.285,72,88,7,9,3,4
2020/04/10,福井県,76,4,0.982,68,89,6,8,2,3
2020/04/10,高知県,52,5,0.737,40,77,12,23,0,0
2020/04/10,沖縄県,49,7,0.338,46,94,3,6,0,0
2020/04/10,大分県,42,1,0.367,32,76,10,24,0,0
2020/04/10,新潟県,41,2,0.183,17,41,24,59,0,0
2020/04/10,奈良県,37,3,0.276,29,78,8,22,0,0
2020/04/10,宮城県,37,1,0.160,36,97,1,3,0,0
2020/04/10,福島県,36,3,0.193,33,92,3,8,0,0
2020/04/10,群馬県,35,2,0.179,29,83,5,14,1,3
2020/04/10,静岡県,34,18,0.093,31,91,3,9,0,0
2020/04/10,滋賀県,34,8,0.241,31,91,3,9,0,0
2020/04/10,和歌山県,33,1,0.353,17,52,15,45,1,3
2020/04/10,栃木県,31,0,0.159,26,84,5,16,0,0
2020/04/10,長野県,28,7,0.136,25,89,3,11,0,0
2020/04/10,愛媛県,28,2,0.207,23,82,4,14,1,4
2020/04/10,山梨県,27,3,0.330,25,93,2,7,0,0
2020/04/10,山形県,27,0,0.248,27,100,0,0,0,0
2020/04/10,広島県,25,0,0.089,22,88,3,12,0,0
2020/04/10,富山県,23,7,0.219,23,100,0,0,0,0
2020/04/10,熊本県,23,0,0.131,18,78,4,17,1,4
2020/04/10,山口県,17,0,0.124,14,82,3,18,0,0
2020/04/10,宮崎県,16,0,0.148,13,81,3,19,0,0
2020/04/10,岡山県,16,0,0.084,15,94,1,6,0,0
2020/04/10,三重県,15,0,0.084,10,67,5,33,0,0
2020/04/10,青森県,14,0,0.111,11,79,3,21,0,0
2020/04/10,長崎県,14,0,0.104,12,86,2,14,0,0
2020/04/10,秋田県,12,1,0.122,7,58,5,42,0,0
2020/04/10,佐賀県,12,1,0.147,11,92,1,8,0,0
2020/04/10,香川県,4,1,0.042,4,100,0,0,0,0
2020/04/10,徳島県,3,0,0.041,2,67,1,33,0,0
2020/04/10,鹿児島県,3,0,0.019,3,100,0,0,0,0
2020/04/10,島根県,2,1,0.029,2,100,0,0,0,0
2020/04/10,鳥取県,1,1,0.018,1,100,0,0,0,0
2020/04/11,埼玉県,345,20,0.471,315,91,25,7,5,1
2020/04/11,千葉県,411,36,0.657,369,90,38,9,4,1
2020/04/11,東京都,1914,197,1.385,1838,96,57,3,19,1
2020/04/11,神奈川県,465,40,0.507,415,89,44,9,6,1
2020/04/11,大阪府,767,70,0.870,640,83,121,16,6,1
2020/04/11,兵庫県,358,42,0.653,286,80,59,16,13,4
2020/04/11,福岡県,332,108,0.650,325,98,7,2,0,0
2020/04/11,北海道,255,16,0.482,86,34,158,62,11,4
2020/04/11,青森県,22,8,0.174,19,86,3,14,0,0
2020/04/11,岩手県,0,0,0.000,0,ー,0,ー,0,ー
2020/04/11,宮城県,46,9,0.199,45,98,1,2,0,0
2020/04/11,秋田県,13,1,0.133,8,62,5,38,0,0
2020/04/11,山形県,32,5,0.294,32,100,0,0,0,0
2020/04/11,福島県,37,1,0.198,34,92,3,8,0,0
2020/04/11,茨城県,91,9,0.316,80,88,8,9,3,3
2020/04/11,栃木県,32,1,0.164,27,84,5,16,0,0
2020/04/11,群馬県,79,44,0.405,72,91,5,6,2,3
2020/04/11,新潟県,41,0,0.183,17,41,24,59,0,0
2020/04/11,富山県,23,0,0.219,23,100,0,0,0,0
2020/04/11,石川県,104,12,0.910,99,95,5,5,0,0
2020/04/11,福井県,86,10,1.111,78,91,6,7,2,2
2020/04/11,山梨県,32,5,0.392,30,94,2,6,0,0
2020/04/11,長野県,28,0,0.136,25,89,3,11,0,0
2020/04/11,岐阜県,91,9,0.456,85,93,5,5,1,1
2020/04/11,静岡県,39,5,0.107,36,92,3,8,0,0
2020/04/11,愛知県,340,27,0.451,255,75,63,19,22,6
2020/04/11,三重県,17,2,0.095,12,71,5,29,0,0
2020/04/11,滋賀県,38,4,0.269,35,92,3,8,0,0
2020/04/11,京都府,181,13,0.699,147,81,33,18,1,1
2020/04/11,奈良県,39,2,0.291,31,79,8,21,0,0
2020/04/11,和歌山県,33,0,0.353,15,45,17,52,1,3
2020/04/11,鳥取県,1,0,0.018,1,100,0,0,0,0
2020/04/11,島根県,6,4,0.088,6,100,0,0,0,0
2020/04/11,岡山県,16,0,0.084,15,94,1,6,0,0
2020/04/11,広島県,31,6,0.110,28,90,3,10,0,0
2020/04/11,山口県,19,2,0.139,16,84,3,16,0,0
2020/04/11,徳島県,3,0,0.041,0,0,3,100,0,0
2020/04/11,香川県,4,0,0.042,3,75,1,25,0,0
2020/04/11,愛媛県,30,2,0.222,25,83,4,13,1,3
2020/04/11,高知県,54,2,0.765,41,76,13,24,0,0
2020/04/11,佐賀県,12,0,0.147,11,92,1,8,0,0
2020/04/11,長崎県,14,0,0.104,12,86,2,14,0,0
2020/04/11,熊本県,23,0,0.131,18,78,4,17,1,4
2020/04/11,大分県,42,0,0.367,32,76,10,24,0,0
2020/04/11,宮崎県,17,1,0.157,14,82,3,18,0,0
2020/04/11,鹿児島県,4,1,0.025,4,100,0,0,0,0
2020/04/11,沖縄県,49,0,0.338,46,94,3,6,0,0
2020/04/12,埼玉県,386,41,0.527,355,92,26,7,5,1
2020/04/12,千葉県,455,44,0.727,412,91,39,9,4,1
2020/04/12,東京都,2080,166,1.505,2004,96,57,3,19,1
2020/04/12,神奈川県,478,13,0.521,427,89,44,9,7,1
2020/04/12,大阪府,812,45,0.921,679,84,127,16,6,1
2020/04/12,兵庫県,375,17,0.684,303,81,59,16,13,3
2020/04/12,福岡県,362,30,0.709,355,98,7,2,0,0
2020/04/12,北海道,267,12,0.505,98,37,158,59,11,4
2020/04/12,青森県,22,0,0.174,19,86,3,14,0,0
2020/04/12,岩手県,0,0,0.000,0,ー,0,ー,0,ー
2020/04/12,宮城県,52,6,0.225,50,96,2,4,0,0
2020/04/12,秋田県,15,2,0.153,10,67,5,33,0,0
2020/04/12,山形県,34,2,0.312,34,100,0,0,0,0
2020/04/12,福島県,38,1,0.204,35,92,3,8,0,0
2020/04/12,茨城県,109,18,0.379,97,89,9,8,3,3
2020/04/12,栃木県,35,3,0.180,30,86,5,14,0,0
2020/04/12,群馬県,90,11,0.461,83,92,5,6,2,2
2020/04/12,新潟県,42,1,0.187,18,43,24,57,0,0
2020/04/12,富山県,30,7,0.286,30,100,0,0,0,0
2020/04/12,石川県,113,9,0.989,108,96,5,4,0,0
2020/04/12,福井県,88,2,1.137,80,91,6,7,2,2
2020/04/12,山梨県,35,3,0.428,33,94,2,6,0,0
2020/04/12,長野県,29,1,0.141,26,90,3,10,0,0
2020/04/12,岐阜県,105,14,0.526,99,94,5,5,1,1
2020/04/12,静岡県,41,2,0.112,38,93,3,7,0,0
2020/04/12,愛知県,319,2,0.423,234,73,63,20,22,7
2020/04/12,三重県,17,0,0.095,8,47,9,53,0,0
2020/04/12,滋賀県,38,0,0.269,35,92,3,8,0,0
2020/04/12,京都府,193,12,0.745,157,81,33,18,3,2
2020/04/12,奈良県,41,2,0.306,33,80,8,20,0,0
2020/04/12,和歌山県,34,1,0.364,16,47,17,50,1,3
2020/04/12,鳥取県,1,0,0.018,1,100,0,0,0,0
2020/04/12,島根県,7,1,0.103,7,100,0,0,0,0
2020/04/12,岡山県,16,0,0.084,15,94,1,6,0,0
2020/04/12,広島県,56,25,0.199,53,95,3,5,0,0
2020/04/12,山口県,23,4,0.168,20,87,3,13,0,0
2020/04/12,徳島県,3,0,0.041,0,0,3,100,0,0
2020/04/12,香川県,8,4,0.083,7,88,1,13,0,0
2020/04/12,愛媛県,30,0,0.222,24,80,4,13,2,7
2020/04/12,高知県,60,6,0.850,46,77,14,23,0,0
2020/04/12,佐賀県,13,1,0.159,12,92,1,8,0,0
2020/04/12,長崎県,14,0,0.104,12,86,2,14,0,0
2020/04/12,熊本県,28,5,0.159,23,82,4,14,1,4
2020/04/12,大分県,42,0,0.367,32,76,10,24,0,0
2020/04/12,宮崎県,17,0,0.157,14,82,3,18,0,0
2020/04/12,鹿児島県,4,0,0.025,4,100,0,0,0,0
2020/04/12,沖縄県,66,17,0.456,63,95,3,5,0,0
2020/04/13,埼玉県,414,28,0.565,383,93,26,6,5,1
2020/04/13,千葉県,474,19,0.758,431,91,39,8,4,1
2020/04/13,東京都,2171,91,1.571,2095,96,57,3,19,1
2020/04/13,神奈川県,572,15,0.623,505,88,55,10,12,2
2020/04/13,大阪府,836,24,0.949,683,82,147,18,6,1
2020/04/13,兵庫県,384,9,0.700,311,81,59,16,14,4
2020/04/13,福岡県,373,11,0.730,366,98,7,2,0,0
2020/04/13,北海道,272,5,0.515,100,37,161,59,11,4
2020/04/13,青森県,22,0,0.174,18,82,4,18,0,0
2020/04/13,岩手県,0,0,0.000,0,ー,0,ー,0,ー
2020/04/13,宮城県,54,3,0.233,49,91,5,9,0,0
2020/04/13,秋田県,15,0,0.153,10,67,5,33,0,0
2020/04/13,山形県,35,1,0.321,35,100,0,0,0,0
2020/04/13,福島県,38,0,0.204,35,92,3,8,0,0
2020/04/13,茨城県,110,1,0.382,97,88,10,9,3,3
2020/04/13,栃木県,36,1,0.185,29,81,7,19,0,0
2020/04/13,群馬県,91,1,0.466,84,92,5,5,2,2
2020/04/13,新潟県,42,0,0.187,17,40,25,60,0,0
2020/04/13,富山県,49,19,0.467,48,98,1,2,0,0
2020/04/13,石川県,121,8,1.059,116,96,5,4,0,0
2020/04/13,福井県,92,4,1.189,83,90,7,8,2,2
2020/04/13,山梨県,35,1,0.428,33,94,2,6,0,0
2020/04/13,長野県,34,5,0.165,30,88,4,12,0,0
2020/04/13,岐阜県,112,7,0.561,106,95,5,4,1,1
2020/04/13,静岡県,46,5,0.126,43,93,3,7,0,0
2020/04/13,愛知県,328,9,0.435,242,74,63,19,23,7
2020/04/13,三重県,17,0,0.095,6,35,11,65,0,0
2020/04/13,滋賀県,40,2,0.283,35,88,5,13,0,0
2020/04/13,京都府,205,12,0.791,169,82,33,17,3,1
2020/04/13,奈良県,44,3,0.329,36,82,8,18,0,0
2020/04/13,和歌山県,34,0,0.364,16,47,17,50,1,3
2020/04/13,鳥取県,1,0,0.018,1,100,0,0,0,0
2020/04/13,島根県,8,1,0.118,8,100,0,0,0,0
2020/04/13,岡山県,16,0,0.084,15,94,1,6,0,0
2020/04/13,広島県,57,1,0.202,54,95,3,5,0,0
2020/04/13,山口県,24,1,0.175,19,79,5,21,0,0
2020/04/13,徳島県,3,0,0.041,0,0,3,100,0,0
2020/04/13,香川県,16,8,0.166,15,94,1,6,0,0
2020/04/13,愛媛県,37,7,0.274,31,84,4,11,2,5
2020/04/13,高知県,60,0,0.850,44,73,16,27,0,0
2020/04/13,佐賀県,13,0,0.159,12,92,1,8,0,0
2020/04/13,長崎県,14,0,0.104,12,86,2,14,0,0
2020/04/13,熊本県,28,1,0.159,22,79,5,18,1,4
2020/04/13,大分県,43,1,0.376,33,77,10,23,0,0
2020/04/13,宮崎県,17,0,0.157,14,82,3,18,0,0
2020/04/13,鹿児島県,4,0,0.025,4,100,0,0,0,0
2020/04/13,沖縄県,72,7,0.497,69,96,3,4,0,0
2020/04/14,埼玉県,433,19,0.591,399,92,27,6,7,2
2020/04/14,千葉県,490,16,0.783,440,90,45,9,5,1
2020/04/14,東京都,2332,161,1.687,2254,96,59,3,19,1
2020/04/14,神奈川県,594,23,0.647,525,88,55,9,14,2
2020/04/14,大阪府,895,59,1.016,736,82,152,17,7,1
2020/04/14,兵庫県,403,19,0.735,327,81,61,15,15,4
2020/04/14,福岡県,403,30,0.789,371,92,32,8,0,0
2020/04/14,北海道,279,7,0.528,106,38,161,58,12,4
2020/04/14,青森県,22,0,0.174,17,77,5,23,0,0
2020/04/14,岩手県,0,0,0.000,0,-,0,-,0,-
2020/04/14,宮城県,64,10,0.276,59,92,5,8,0,0
2020/04/14,秋田県,16,1,0.163,11,69,5,31,0,0
2020/04/14,山形県,39,4,0.358,39,100,0,0,0,0
2020/04/14,福島県,39,1,0.209,36,92,3,8,0,0
2020/04/14,茨城県,116,6,0.403,103,89,10,9,3,3
2020/04/14,栃木県,38,2,0.195,31,82,7,18,0,0
2020/04/14,群馬県,97,6,0.497,90,93,5,5,2,2
2020/04/14,新潟県,45,3,0.200,20,44,25,56,0,0
2020/04/14,富山県,54,5,0.514,53,98,1,2,0,0
2020/04/14,石川県,131,10,1.146,125,95,5,4,1,1
2020/04/14,福井県,92,0,1.189,82,89,8,9,2,2
2020/04/14,山梨県,36,1,0.441,34,94,2,6,0,0
2020/04/14,長野県,35,1,0.170,31,89,4,11,0,0
2020/04/14,岐阜県,127,15,0.636,120,94,6,5,1,1
2020/04/14,静岡県,46,0,0.126,43,93,3,7,0,0
2020/04/14,愛知県,338,10,0.448,251,74,63,19,24,7
2020/04/14,三重県,19,2,0.106,8,42,11,58,0,0
2020/04/14,滋賀県,51,11,0.361,46,90,5,10,0,0
2020/04/14,京都府,210,5,0.810,173,82,34,17,3,1
2020/04/14,奈良県,47,3,0.351,39,83,8,17,0,0
2020/04/14,和歌山県,35,1,0.374,17,49,17,49,1,3
2020/04/14,鳥取県,1,0,0.018,1,100,0,0,0,0
2020/04/14,島根県,10,2,0.147,10,100,0,0,0,0
2020/04/14,岡山県,16,1,0.084,15,94,1,6,0,0
2020/04/14,広島県,66,9,0.234,63,95,3,5,0,0
2020/04/14,山口県,25,1,0.182,20,80,5,20,0,0
2020/04/14,徳島県,3,0,0.041,0,0,3,100,0,0
2020/04/14,香川県,20,4,0.208,19,95,1,5,0,0
2020/04/14,愛媛県,39,2,0.288,33,85,4,10,2,5
2020/04/14,高知県,60,0,0.850,44,73,16,27,0,0
2020/04/14,佐賀県,15,2,0.183,14,93,1,7,0,0
2020/04/14,長崎県,14,0,0.104,12,86,2,14,0,0
2020/04/14,熊本県,29,1,0.165,23,79,5,17,1,3
2020/04/14,大分県,43,0,0.376,30,70,13,30,0,0
2020/04/14,宮崎県,17,0,0.157,14,82,3,18,0,0
2020/04/14,鹿児島県,4,0,0.025,4,100,0,0,0,0
2020/04/14,沖縄県,76,4,0.525,73,96,3,4,0,0
2020/04/15,埼玉県,479,46,0.653,444,93,28,6,7,1
2020/04/15,千葉県,525,35,0.839,475,90,45,9,5,1
2020/04/15,東京都,2457,127,1.778,2379,97,59,2,19,1
2020/04/15,神奈川県,614,24,0.669,544,89,55,9,15,2
2020/04/15,大阪府,969,74,1.100,806,83,155,16,8,1
2020/04/15,兵庫県,423,20,0.771,347,82,61,14,15,4
2020/04/15,福岡県,433,30,0.848,382,88,45,10,6,1
2020/04/15,北海道,302,23,0.571,128,42,161,53,13,4
2020/04/15,青森県,22,0,0.174,17,77,5,23,0,0
2020/04/15,岩手県,0,0,0.000,0,ー,0,ー,0,ー
2020/04/15,宮城県,65,1,0.281,59,91,6,9,0,0
2020/04/15,秋田県,16,0,0.163,11,69,5,31,0,0
2020/04/15,山形県,45,6,0.413,45,100,0,0,0,0
2020/04/15,福島県,40,1,0.215,37,93,3,8,0,0
2020/04/15,茨城県,119,3,0.414,104,87,10,8,5,4
2020/04/15,栃木県,39,1,0.200,32,82,7,18,0,0
2020/04/15,群馬県,107,10,0.548,98,92,5,5,4,4
2020/04/15,新潟県,46,1,0.205,21,46,25,54,0,0
2020/04/15,富山県,54,0,0.514,53,98,1,2,0,0
2020/04/15,石川県,140,9,1.225,131,94,5,4,4,3
2020/04/15,福井県,100,8,1.292,90,90,8,8,2,2
2020/04/15,山梨県,39,3,0.477,37,95,2,5,0,0
2020/04/15,長野県,36,1,0.175,32,89,4,11,0,0
2020/04/15,岐阜県,128,1,0.641,115,90,12,9,1,1
2020/04/15,静岡県,47,1,0.128,44,94,3,6,0,0
2020/04/15,愛知県,350,12,0.464,260,74,66,19,24,7
2020/04/15,三重県,20,1,0.112,9,45,11,55,0,0
2020/04/15,滋賀県,52,1,0.368,47,90,5,10,0,0
2020/04/15,京都府,215,5,0.830,175,81,37,17,3,1
2020/04/15,奈良県,53,6,0.396,43,81,9,17,1,2
2020/04/15,和歌山県,37,2,0.396,17,46,19,51,1,3
2020/04/15,鳥取県,1,0,0.018,1,100,0,0,0,0
2020/04/15,島根県,13,3,0.191,13,100,0,0,0,0
2020/04/15,岡山県,16,0,0.084,15,94,1,6,0,0
2020/04/15,広島県,67,1,0.238,64,96,3,4,0,0
2020/04/15,山口県,28,3,0.204,23,82,5,18,0,0
2020/04/15,徳島県,3,0,0.041,0,0,3,100,0,0
2020/04/15,香川県,20,0,0.208,19,95,1,5,0,0
2020/04/15,愛媛県,40,1,0.296,34,85,4,10,2,5
2020/04/15,高知県,62,2,0.878,46,74,16,26,0,0
2020/04/15,佐賀県,17,2,0.208,16,94,1,6,0,0
2020/04/15,長崎県,15,1,0.112,13,87,2,13,0,0
2020/04/15,熊本県,31,2,0.176,25,81,5,16,1,3
2020/04/15,大分県,50,7,0.437,37,74,13,26,0,0
2020/04/15,宮崎県,17,0,0.157,13,76,4,24,0,0
2020/04/15,鹿児島県,4,0,0.025,4,100,0,0,0,0
2020/04/15,沖縄県,86,10,0.594,83,97,3,3,0,0
2020/04/16,埼玉県,535,42,0.730,494,92,32,6,9,2
2020/04/16,千葉県,539,14,0.862,482,89,51,9,6,1
2020/04/16,東京都,2606,149,1.885,2528,97,59,2,19,1
2020/04/16,神奈川県,673,53,0.733,602,89,55,8,16,2
2020/04/16,大阪府,1021,52,1.159,838,82,175,17,8,1
2020/04/16,兵庫県,453,30,0.826,373,82,63,14,17,4
2020/04/16,福岡県,459,26,0.899,401,87,52,11,6,1
2020/04/16,北海道,336,23,0.636,159,47,163,49,14,4
2020/04/16,茨城県,123,4,0.428,108,88,10,8,5,4
2020/04/16,石川県,146,6,1.277,137,94,5,3,4,3
2020/04/16,岐阜県,132,2,0.661,115,87,16,12,1,1
2020/04/16,愛知県,364,14,0.483,274,75,66,18,24,7
2020/04/16,京都府,225,10,0.868,183,81,39,17,3,1
2020/04/16,青森県,22,0,0.174,17,77,5,23,0,0
2020/04/16,岩手県,0,0,0.000,0,ー,0,ー,0,ー
2020/04/16,宮城県,75,10,0.324,67,89,8,11,0,0
2020/04/16,秋田県,16,0,0.163,11,69,5,31,0,0
2020/04/16,山形県,50,5,0.459,50,100,0,0,0,0
2020/04/16,福島県,49,9,0.263,46,94,3,6,0,0
2020/04/16,栃木県,42,2,0.216,34,81,8,19,0,0
2020/04/16,群馬県,109,2,0.558,100,92,5,5,4,4
2020/04/16,新潟県,47,1,0.209,18,38,29,62,0,0
2020/04/16,富山県,65,11,0.619,63,97,2,3,0,0
2020/04/16,福井県,103,3,1.331,93,90,8,8,2,2
2020/04/16,山梨県,43,3,0.526,34,79,9,21,0,0
2020/04/16,長野県,45,6,0.218,41,91,4,9,0,0
2020/04/16,静岡県,48,1,0.131,43,90,5,10,0,0
2020/04/16,三重県,26,6,0.145,14,54,11,42,1,4
2020/04/16,滋賀県,57,5,0.404,48,84,8,14,1,2
2020/04/16,奈良県,54,1,0.403,44,81,9,17,1,2
2020/04/16,和歌山県,38,1,0.406,18,47,19,50,1,3
2020/04/16,鳥取県,1,0,0.018,1,100,0,0,0,0
2020/04/16,島根県,14,1,0.206,14,100,0,0,0,0
2020/04/16,岡山県,18,2,0.095,17,94,1,6,0,0
2020/04/16,広島県,118,5,0.419,115,97,3,3,0,0
2020/04/16,山口県,29,1,0.212,24,83,5,17,0,0
2020/04/16,徳島県,3,0,0.041,0,0,3,100,0,0
2020/04/16,香川県,21,1,0.218,20,95,1,5,0,0
2020/04/16,愛媛県,41,1,0.303,35,85,4,10,2,5
2020/04/16,高知県,62,0,0.878,43,69,18,29,1,2
2020/04/16,佐賀県,15,0,0.183,14,93,1,7,0,0
2020/04/16,長崎県,16,1,0.119,14,88,2,13,0,0
2020/04/16,熊本県,31,0,0.176,25,81,5,16,1,3
2020/04/16,大分県,50,0,0.437,32,64,17,34,1,2
2020/04/16,宮崎県,17,0,0.157,13,76,4,24,0,0
2020/04/16,鹿児島県,4,0,0.025,3,75,1,25,0,0
2020/04/16,沖縄県,86,0,0.594,79,92,6,7,1,1
2020/04/17,埼玉県,575,34,0.784,534,93,32,6,9,2
2020/04/17,千葉県,609,35,0.974,549,90,54,9,6,1
2020/04/17,東京都,2807,201,2.031,2729,97,59,2,19,1
2020/04/17,神奈川県,710,34,0.774,639,90,54,8,17,2
2020/04/17,大阪府,1076,55,1.221,885,82,182,17,9,1
2020/04/17,兵庫県,480,22,0.875,400,83,63,13,17,4
2020/04/17,福岡県,476,17,0.932,401,84,66,14,9,2
2020/04/17,北海道,370,34,0.700,185,50,171,46,14,4
2020/04/17,茨城県,131,8,0.455,115,88,11,8,5,4
2020/04/17,石川県,160,14,1.400,151,94,5,3,4,3
2020/04/17,岐阜県,136,4,0.681,118,87,16,12,2,1
2020/04/17,愛知県,374,10,0.496,284,76,66,18,24,6
2020/04/17,京都府,235,10,0.907,179,76,53,23,3,1
2020/04/17,青森県,22,0,0.174,17,77,5,23,0,0
2020/04/17,岩手県,0,0,0.000,0,ー,0,ー,0,ー
2020/04/17,宮城県,79,4,0.341,71,90,8,10,0,0
2020/04/17,秋田県,16,0,0.163,11,69,5,31,0,0
2020/04/17,山形県,58,4,0.532,58,100,0,0,0,0
2020/04/17,福島県,52,3,0.279,49,94,3,6,0,0
2020/04/17,栃木県,44,2,0.226,36,82,8,18,0,0
2020/04/17,群馬県,114,2,0.584,105,92,5,4,4,4
2020/04/17,新潟県,53,6,0.236,24,45,29,55,0,0
2020/04/17,富山県,69,4,0.657,67,97,2,3,0,0
2020/04/17,福井県,104,1,1.344,94,90,8,8,2,2
2020/04/17,山梨県,46,3,0.563,37,80,9,20,0,0
2020/04/17,長野県,47,2,0.228,43,91,4,9,0,0
2020/04/17,静岡県,51,2,0.139,46,90,5,10,0,0
2020/04/17,三重県,32,6,0.179,20,63,11,34,1,3
2020/04/17,滋賀県,68,11,0.482,57,84,10,15,1,1
2020/04/17,奈良県,56,2,0.418,43,77,12,21,1,2
2020/04/17,和歌山県,39,1,0.417,19,49,19,49,1,3
2020/04/17,鳥取県,1,0,0.018,1,100,0,0,0,0
2020/04/17,島根県,15,1,0.221,15,100,0,0,0,0
2020/04/17,岡山県,18,1,0.095,17,94,1,6,0,0
2020/04/17,広島県,124,6,0.440,116,94,8,6,0,0
2020/04/17,山口県,30,1,0.219,25,83,5,17,0,0
2020/04/17,徳島県,3,0,0.041,0,0,3,100,0,0
2020/04/17,香川県,24,2,0.249,23,96,1,4,0,0
2020/04/17,愛媛県,41,0,0.303,35,85,4,10,2,5
2020/04/17,高知県,63,1,0.892,44,70,18,29,1,2
2020/04/17,佐賀県,16,1,0.195,15,94,1,6,0,0
2020/04/17,長崎県,17,1,0.127,15,88,2,12,0,0
2020/04/17,熊本県,35,2,0.199,28,80,6,17,1,3
2020/04/17,大分県,54,0,0.472,36,67,17,31,1,2
2020/04/17,宮崎県,17,0,0.157,13,76,4,24,0,0
2020/04/17,鹿児島県,6,2,0.037,5,83,1,17,0,0
2020/04/17,沖縄県,101,7,0.698,94,93,6,6,1,1
2020/04/18,埼玉県,610,35,0.830,569,93,32,5,9,1
2020/04/18,千葉県,643,34,1.030,569,88,67,10,7,1
2020/04/18,東京都,2988,181,2.150,2910,97,59,2,19,1
2020/04/18,神奈川県,754,44,0.820,670,89,68,9,16,2
2020/04/18,大阪府,1164,88,1.320,934,80,220,19,10,1
2020/04/18,兵庫県,502,21,0.920,420,84,65,13,17,3
2020/04/18,福岡県,500,24,0.980,424,85,66,13,10,2
2020/04/18,北海道,407,38,0.780,220,54,171,42,16,4
2020/04/18,茨城県,135,4,0.470,116,86,14,10,5,4
2020/04/18,石川県,173,13,1.520,164,95,5,3,4,2
2020/04/18,岐阜県,137,1,0.690,119,87,16,12,2,1
2020/04/18,愛知県,391,17,0.520,301,77,66,17,24,6
2020/04/18,京都府,242,7,0.940,186,77,53,22,3,1
2020/04/18,青森県,22,0,0.180,16,73,6,27,0,0
2020/04/18,岩手県,0,0,0.000,0,ー,0,ー,0,ー
2020/04/18,宮城県,83,4,0.360,75,90,8,10,0,0
2020/04/18,秋田県,16,0,0.170,11,69,5,31,0,0
2020/04/18,山形県,60,2,0.560,50,83,10,17,0,0
2020/04/18,福島県,60,8,0.330,57,95,3,5,0,0
2020/04/18,栃木県,44,0,0.230,36,82,8,18,0,0
2020/04/18,群馬県,120,6,0.620,111,93,5,4,4,3
2020/04/18,新潟県,56,3,0.250,27,48,29,52,0,0
2020/04/18,富山県,79,0,0.760,77,97,2,3,0,0
2020/04/18,福井県,106,2,1.380,94,89,8,8,4,4
2020/04/18,山梨県,48,2,0.590,39,81,9,19,0,0
2020/04/18,長野県,47,0,0.230,43,91,4,9,0,0
2020/04/18,静岡県,50,0,0.140,42,84,8,16,0,0
2020/04/18,三重県,35,3,0.200,23,66,11,31,1,3
2020/04/18,滋賀県,70,2,0.500,59,84,10,14,1,1
2020/04/18,奈良県,60,4,0.450,47,78,12,20,1,2
2020/04/18,和歌山県,40,1,0.430,20,50,19,48,1,3
2020/04/18,鳥取県,3,2,0.050,3,100,0,0,0,0
2020/04/18,島根県,15,0,0.220,15,100,0,0,0,0
2020/04/18,岡山県,18,0,0.100,15,83,3,17,0,0
2020/04/18,広島県,129,5,0.460,118,91,11,9,0,0
2020/04/18,山口県,30,0,0.220,25,83,5,17,0,0
2020/04/18,徳島県,3,0,0.040,0,0,3,100,0,0
2020/04/18,香川県,24,0,0.250,23,96,1,4,0,0
2020/04/18,愛媛県,44,3,0.330,36,82,5,11,3,7
2020/04/18,高知県,64,1,0.920,45,70,18,28,1,2
2020/04/18,佐賀県,16,0,0.200,15,94,1,6,0,0
2020/04/18,長崎県,17,0,0.130,15,88,2,12,0,0
2020/04/18,熊本県,35,0,0.200,28,80,6,17,1,3
2020/04/18,大分県,54,0,0.480,36,67,17,31,1,2
2020/04/18,宮崎県,17,0,0.160,13,76,4,24,0,0
2020/04/18,鹿児島県,7,1,0.040,6,86,1,14,0,0
2020/04/18,沖縄県,101,0,0.700,94,93,6,6,1,1
2020/04/19,埼玉県,642,32,0.870,601,94,32,5,9,1
2020/04/19,千葉県,661,18,1.060,582,88,71,11,8,1
2020/04/19,東京都,3095,107,2.220,3017,97,59,2,19,1
2020/04/19,神奈川県,784,30,0.850,694,89,73,9,17,2
2020/04/19,大阪府,1212,48,1.380,967,80,233,19,12,1
2020/04/19,兵庫県,513,11,0.940,431,84,65,13,17,3
2020/04/19,福岡県,516,16,1.010,440,85,66,13,10,2
2020/04/19,北海道,434,27,0.830,245,56,171,39,18,4
2020/04/19,茨城県,139,4,0.490,118,85,16,12,5,4
2020/04/19,石川県,178,5,1.560,169,95,5,3,4,2
2020/04/19,岐阜県,139,2,0.700,120,86,16,12,3,2
2020/04/19,愛知県,401,10,0.530,310,77,66,16,25,6
2020/04/19,京都府,251,9,0.970,178,71,70,28,3,1
2020/04/19,青森県,22,0,0.180,16,73,6,27,0,0
2020/04/19,岩手県,0,0,0.000,0,ー,0,－,0,ー
2020/04/19,宮城県,83,0,0.360,75,90,8,10,0,0
2020/04/19,秋田県,16,0,0.170,11,69,5,31,0,0
2020/04/19,山形県,61,1,0.570,51,84,10,16,0,0
2020/04/19,福島県,62,2,0.340,59,95,3,5,0,0
2020/04/19,栃木県,46,2,0.240,38,83,8,17,0,0
2020/04/19,群馬県,122,2,0.630,103,84,14,11,5,4
2020/04/19,新潟県,56,0,0.250,27,48,29,52,0,0
2020/04/19,富山県,92,1,0.880,87,95,4,4,1,1
2020/04/19,福井県,112,6,1.460,85,76,23,21,4,4
2020/04/19,山梨県,49,1,0.600,40,82,9,18,0,0
2020/04/19,長野県,52,5,0.250,48,92,4,8,0,0
2020/04/19,静岡県,52,2,0.140,44,85,8,15,0,0
2020/04/19,三重県,36,1,0.200,24,67,11,31,1,3
2020/04/19,滋賀県,71,1,0.500,60,85,10,14,1,1
2020/04/19,奈良県,62,2,0.470,47,76,14,23,1,2
2020/04/19,和歌山県,46,0,0.500,25,54,20,43,1,2
2020/04/19,鳥取県,3,0,0.050,3,100,0,0,0,0
2020/04/19,島根県,16,1,0.240,16,100,0,0,0,0
2020/04/19,岡山県,19,1,0.100,16,84,3,16,0,0
2020/04/19,広島県,132,2,0.470,121,92,11,8,0,0
2020/04/19,山口県,30,0,0.220,19,63,11,37,0,0
2020/04/19,徳島県,3,0,0.040,0,0,3,100,0,0
2020/04/19,香川県,25,1,0.260,24,96,1,4,0,0
2020/04/19,愛媛県,45,1,0.340,34,76,8,18,3,7
2020/04/19,高知県,68,4,0.970,49,72,18,26,1,1
2020/04/19,佐賀県,17,1,0.210,16,94,1,6,0,0
2020/04/19,長崎県,17,0,0.130,15,88,2,12,0,0
2020/04/19,熊本県,39,3,0.220,32,82,6,15,1,3
2020/04/19,大分県,54,0,0.480,35,65,18,33,1,2
2020/04/19,宮崎県,17,0,0.160,13,76,4,24,0,0
2020/04/19,鹿児島県,8,1,0.050,7,88,1,13,0,0
2020/04/19,沖縄県,110,0,0.760,103,94,6,5,1,1
2020/04/20,埼玉県,662,20,0.900,621,94,32,5,9,1
2020/04/20,千葉県,683,22,1.090,598,88,77,11,8,1
2020/04/20,東京都,3197,102,2.300,3119,98,59,2,19,1
2020/04/20,神奈川県,802,18,0.870,695,87,88,11,19,2
2020/04/20,大阪府,1297,85,1.470,1051,81,233,18,13,1
2020/04/20,兵庫県,524,11,0.960,442,84,65,12,17,3
2020/04/20,福岡県,524,8,1.030,424,81,87,17,13,2
2020/04/20,北海道,451,17,0.860,262,58,171,38,18,4
2020/04/20,茨城県,143,4,0.500,121,85,16,11,6,4
2020/04/20,石川県,180,2,1.580,162,90,14,8,4,2
2020/04/20,岐阜県,139,0,0.700,112,81,24,17,3,2
2020/04/20,愛知県,406,5,0.540,313,77,66,16,27,7
2020/04/20,京都府,259,8,1.000,177,68,77,30,5,2
2020/04/20,青森県,22,0,0.180,13,59,9,41,0,0
2020/04/20,岩手県,0,0,0.000,0,ー,0,ー,0,ー
2020/04/20,宮城県,84,1,0.360,76,90,8,10,0,0
2020/04/20,秋田県,16,0,0.170,11,69,5,31,0,0
2020/04/20,山形県,64,3,0.590,49,77,15,23,0,0
2020/04/20,福島県,64,2,0.350,50,78,14,22,0,0
2020/04/20,栃木県,49,3,0.250,41,84,8,16,0,0
2020/04/20,群馬県,124,2,0.640,105,85,14,11,5,4
2020/04/20,新潟県,56,0,0.250,27,48,29,52,0,0
2020/04/20,富山県,114,22,1.090,104,91,8,7,2,2
2020/04/20,福井県,113,1,1.470,83,73,26,23,4,4
2020/04/20,山梨県,49,0,0.600,40,82,9,18,0,0
2020/04/20,長野県,52,0,0.250,46,88,6,12,0,0
2020/04/20,静岡県,52,0,0.140,44,85,8,15,0,0
2020/04/20,三重県,39,3,0.220,27,69,11,28,1,3
2020/04/20,滋賀県,72,1,0.510,58,81,13,18,1,1
2020/04/20,奈良県,64,2,0.480,49,77,14,22,1,2
2020/04/20,和歌山県,46,0,0.500,25,54,20,43,1,2
2020/04/20,鳥取県,3,0,0.050,3,100,0,0,0,0
2020/04/20,島根県,16,0,0.240,16,100,0,0,0,0
2020/04/20,岡山県,19,0,0.100,15,79,4,21,0,0
2020/04/20,広島県,137,5,0.490,125,91,12,9,0,0
2020/04/20,山口県,30,0,0.220,15,50,15,50,0,0
2020/04/20,徳島県,3,0,0.040,0,0,3,100,0,0
2020/04/20,香川県,26,1,0.270,25,96,1,4,0,0
2020/04/20,愛媛県,46,1,0.340,34,74,9,20,3,7
2020/04/20,高知県,69,1,0.990,45,65,22,32,2,3
2020/04/20,佐賀県,17,0,0.210,16,94,1,6,0,0
2020/04/20,長崎県,17,0,0.130,13,76,4,24,0,0
2020/04/20,熊本県,40,1,0.230,32,80,7,18,1,3
2020/04/20,大分県,55,1,0.480,35,64,19,35,1,2
2020/04/20,宮崎県,17,0,0.160,13,76,4,24,0,0
2020/04/20,鹿児島県,10,2,0.060,9,90,1,10,0,0
2020/04/20,沖縄県,121,6,0.830,107,88,11,9,3,2
2020/04/21,愛知県,422,16,0.560,329,78,66,16,27,6
2020/04/21,愛媛県,47,1,0.350,35,74,9,19,3,6
2020/04/21,茨城県,146,3,0.510,123,84,17,12,6,4
2020/04/21,岡山県,19,0,0.100,15,79,4,21,0,0
2020/04/21,沖縄県,125,4,0.860,111,89,11,9,3,2
2020/04/21,岩手県,0,0,0.000,0,-,0,-,0,-
2020/04/21,岐阜県,140,1,0.700,111,79,24,17,5,4
2020/04/21,宮崎県,17,0,0.160,13,76,4,24,0,0
2020/04/21,宮城県,84,0,0.360,70,83,14,17,0,0
2020/04/21,京都府,264,5,1.020,172,65,86,33,6,2
2020/04/21,熊本県,41,1,0.230,33,80,7,17,1,2
2020/04/21,群馬県,131,7,0.670,108,82,14,11,9,7
2020/04/21,広島県,138,1,0.490,126,91,12,9,0,0
2020/04/21,香川県,26,0,0.270,25,96,1,4,0,0
2020/04/21,高知県,69,0,0.990,45,65,22,32,2,3
2020/04/21,佐賀県,17,0,0.210,16,94,1,6,0,0
2020/04/21,埼玉県,681,10,0.930,639,94,32,5,10,1
2020/04/21,三重県,41,2,0.230,29,71,11,27,1,2
2020/04/21,山形県,64,0,0.590,47,73,17,27,0,0
2020/04/21,山口県,31,1,0.230,16,52,15,48,0,0
2020/04/21,山梨県,50,1,0.620,41,82,9,18,0,0
2020/04/21,滋賀県,76,4,0.540,62,82,13,17,1,1
2020/04/21,鹿児島県,10,0,0.060,8,80,2,20,0,0
2020/04/21,秋田県,16,0,0.170,11,69,5,31,0,0
2020/04/21,新潟県,58,2,0.260,26,45,32,55,0,0
2020/04/21,神奈川県,816,14,0.890,706,87,91,11,19,2
2020/04/21,青森県,22,0,0.180,12,55,10,45,0,0
2020/04/21,静岡県,53,1,0.150,41,77,12,23,0,0
2020/04/21,石川県,190,10,1.670,168,88,17,9,5,3
2020/04/21,千葉県,704,21,1.120,613,87,80,11,11,2
2020/04/21,大阪府,1351,54,1.530,1083,80,253,19,15,1
2020/04/21,大分県,60,5,0.530,40,67,19,32,1,2
2020/04/21,長崎県,16,0,0.130,12,71,5,29,0,0
2020/04/21,長野県,54,2,0.260,48,89,6,11,0,0
2020/04/21,鳥取県,3,0,0.050,3,100,0,0,0,0
2020/04/21,島根県,16,0,0.240,16,100,0,0,0,0
2020/04/21,東京都,3320,123,2.380,3242,98,59,2,19,1
2020/04/21,徳島県,5,1,0.070,2,40,3,60,0,0
2020/04/21,栃木県,51,2,0.260,43,84,8,16,0,0
2020/04/21,奈良県,73,9,0.550,58,79,14,19,1,1
2020/04/21,富山県,115,1,1.100,105,91,8,7,2,2
2020/04/21,福井県,118,5,1.540,88,75,26,22,4,3
2020/04/21,福岡県,539,21,1.060,439,81,87,16,13,2
2020/04/21,福島県,64,0,0.350,49,77,15,23,0,0
2020/04/21,兵庫県,546,19,1.000,464,85,65,12,17,3
2020/04/21,北海道,473,22,0.900,273,58,179,38,21,4
2020/04/21,和歌山県,47,1,0.510,24,51,22,47,1,2
2020/04/22,愛知県,441,19,0.586,345,78,67,15,29,7
2020/04/22,愛媛県,47,0,0.345,28,60,16,34,3,6
2020/04/22,茨城県,151,5,0.522,127,84,18,12,6,4
2020/04/22,岡山県,19,0,0.100,15,79,4,21,0,0
2020/04/22,沖縄県,130,5,0.901,116,89,11,8,3,2
2020/04/22,岩手県,0,0,0.000,0,0,0,0,0,
2020/04/22,岐阜県,143,3,0.712,114,80,24,17,5,3
2020/04/22,宮崎県,17,0,0.156,13,76,4,24,0,0
2020/04/22,宮城県,84,0,0.362,70,83,14,17,0,0
2020/04/22,京都府,275,11,1.058,180,65,88,32,7,3
2020/04/22,熊本県,41,0,0.232,33,80,7,17,1,2
2020/04/22,群馬県,131,0,0.668,108,82,14,11,9,7
2020/04/22,広島県,139,1,0.491,126,91,13,9,0,0
2020/04/22,香川県,26,0,0.269,24,92,2,8,0,0
2020/04/22,高知県,70,1,0.980,40,57,28,40,2,3
2020/04/22,佐賀県,18,1,0.218,16,89,2,11,0,0
2020/04/22,埼玉県,714,33,0.977,670,94,34,5,10,1
2020/04/22,三重県,43,2,0.239,31,72,11,26,1,2
2020/04/22,山形県,65,1,0.590,48,74,17,26,0,0
2020/04/22,山口県,31,0,0.224,16,52,15,48,0,0
2020/04/22,山梨県,51,1,0.620,28,55,23,45,0,0
2020/04/22,滋賀県,88,12,0.623,74,84,13,15,1,1
2020/04/22,鹿児島県,10,0,0.062,8,80,2,20,0,0
2020/04/22,秋田県,16,0,0.161,11,69,5,31,0,0
2020/04/22,新潟県,61,3,0.269,28,46,33,54,0,0
2020/04/22,神奈川県,841,25,0.918,707,84,111,13,23,3
2020/04/22,青森県,22,0,0.172,12,55,10,45,0,0
2020/04/22,静岡県,57,4,0.155,44,77,13,23,0,0
2020/04/22,石川県,199,9,1.735,177,89,17,9,5,3
2020/04/22,千葉県,725,21,1.161,634,87,80,11,11,2
2020/04/22,大阪府,1382,31,1.566,1110,80,255,18,17,1
2020/04/22,大分県,60,0,0.521,40,67,19,32,1,2
2020/04/22,長崎県,16,0,0.118,11,69,5,31,0,0
2020/04/22,長野県,56,2,0.270,50,89,6,11,0,0
2020/04/22,鳥取県,3,0,0.053,3,100,0,0,0,0
2020/04/22,島根県,16,0,0.234,16,100,0,0,0,0
2020/04/22,東京都,3452,132,2.515,3374,98,59,2,19,1
2020/04/22,徳島県,5,0,0.067,2,40,3,60,0,0
2020/04/22,栃木県,52,1,0.266,44,85,8,15,0,0
2020/04/22,奈良県,75,2,0.556,60,80,14,19,1,1
2020/04/22,富山県,115,0,1.089,105,91,8,7,2,2
2020/04/22,福井県,119,1,1.528,89,75,26,22,4,3
2020/04/22,福岡県,560,21,1.097,459,82,88,16,13,2
2020/04/22,福島県,65,1,0.345,50,77,15,23,0,0
2020/04/22,兵庫県,563,17,1.023,481,85,65,12,17,3
2020/04/22,北海道,495,22,0.930,285,58,188,38,22,4
2020/04/22,和歌山県,49,2,0.519,26,53,22,45,1,2